region,latitude,longitude,time,sea_current_speed,direction
Selat Malaka & Sumatra Barat,6.0,94.0,2026-05-29T00:00,2.4,73
Selat Malaka & Sumatra Barat,6.0,94.631579,2026-05-29T00:00,2.2,48
Selat Malaka & Sumatra Barat,6.0,95.263158,2026-05-29T00:00,1.7,41
Selat Malaka & Sumatra Barat,6.0,95.894737,2026-05-29T00:00,2.3,321
Selat Malaka & Sumatra Barat,6.0,96.526316,2026-05-29T00:00,2.2,284
Selat Malaka & Sumatra Barat,6.0,97.157895,2026-05-29T00:00,2.8,220
Selat Malaka & Sumatra Barat,6.0,97.789474,2026-05-29T00:00,0.9,191
Selat Malaka & Sumatra Barat,6.0,98.421053,2026-05-29T00:00,0.4,153
Selat Malaka & Sumatra Barat,6.0,99.052632,2026-05-29T00:00,0.8,117
Selat Malaka & Sumatra Barat,6.0,99.684211,2026-05-29T00:00,1.3,124
Selat Malaka & Sumatra Barat,6.0,100.315789,2026-05-29T00:00,0.3,45
Selat Malaka & Sumatra Barat,6.0,102.210526,2026-05-29T00:00,0.4,90
Selat Malaka & Sumatra Barat,6.0,102.842105,2026-05-29T00:00,0.2,0
Selat Malaka & Sumatra Barat,6.0,103.473684,2026-05-29T00:00,0.4,297
Selat Malaka & Sumatra Barat,6.0,104.105263,2026-05-29T00:00,0.2,270
Selat Malaka & Sumatra Barat,6.0,104.736842,2026-05-29T00:00,0.4,207
Selat Malaka & Sumatra Barat,6.0,105.368421,2026-05-29T00:00,0.4,180
Selat Malaka & Sumatra Barat,6.0,106.0,2026-05-29T00:00,0.5,180
Selat Malaka & Sumatra Barat,5.368421,94.0,2026-05-29T00:00,1.5,69
Selat Malaka & Sumatra Barat,5.368421,94.631579,2026-05-29T00:00,0.6,34
Selat Malaka & Sumatra Barat,5.368421,95.263158,2026-05-29T00:00,0.2,90
Selat Malaka & Sumatra Barat,5.368421,95.894737,2026-05-29T00:00,0.8,315
Selat Malaka & Sumatra Barat,5.368421,96.526316,2026-05-29T00:00,1.8,276
Selat Malaka & Sumatra Barat,5.368421,97.157895,2026-05-29T00:00,0.9,281
Selat Malaka & Sumatra Barat,5.368421,97.789474,2026-05-29T00:00,0.6,18
Selat Malaka & Sumatra Barat,5.368421,98.421053,2026-05-29T00:00,1.0,59
Selat Malaka & Sumatra Barat,5.368421,99.052632,2026-05-29T00:00,0.9,53
Selat Malaka & Sumatra Barat,5.368421,99.684211,2026-05-29T00:00,0.4,153
Selat Malaka & Sumatra Barat,5.368421,100.315789,2026-05-29T00:00,0.4,0
Selat Malaka & Sumatra Barat,5.368421,102.842105,2026-05-29T00:00,0.2,90
Selat Malaka & Sumatra Barat,5.368421,103.473684,2026-05-29T00:00,0.7,14
Selat Malaka & Sumatra Barat,5.368421,104.105263,2026-05-29T00:00,0.5,225
Selat Malaka & Sumatra Barat,5.368421,104.736842,2026-05-29T00:00,0.8,243
Selat Malaka & Sumatra Barat,5.368421,105.368421,2026-05-29T00:00,0.8,243
Selat Malaka & Sumatra Barat,5.368421,106.0,2026-05-29T00:00,0.4,243
Selat Malaka & Sumatra Barat,4.736842,94.0,2026-05-29T00:00,0.4,63
Selat Malaka & Sumatra Barat,4.736842,94.631579,2026-05-29T00:00,0.3,45
Selat Malaka & Sumatra Barat,4.736842,95.263158,2026-05-29T00:00,0.2,90
Selat Malaka & Sumatra Barat,4.736842,95.894737,2026-05-29T00:00,0.2,180
Selat Malaka & Sumatra Barat,4.736842,98.421053,2026-05-29T00:00,1.5,346
Selat Malaka & Sumatra Barat,4.736842,99.052632,2026-05-29T00:00,0.4,297
Selat Malaka & Sumatra Barat,4.736842,99.684211,2026-05-29T00:00,0.7,256
Selat Malaka & Sumatra Barat,4.736842,100.315789,2026-05-29T00:00,0.8,315
Selat Malaka & Sumatra Barat,4.736842,103.473684,2026-05-29T00:00,0.2,90
Selat Malaka & Sumatra Barat,4.736842,104.105263,2026-05-29T00:00,0.4,117
Selat Malaka & Sumatra Barat,4.736842,104.736842,2026-05-29T00:00,0.6,198
Selat Malaka & Sumatra Barat,4.736842,105.368421,2026-05-29T00:00,0.6,288
Selat Malaka & Sumatra Barat,4.736842,106.0,2026-05-29T00:00,0.5,270
Selat Malaka & Sumatra Barat,4.105263,94.0,2026-05-29T00:00,0.6,146
Selat Malaka & Sumatra Barat,4.105263,94.631579,2026-05-29T00:00,0.4,90
Selat Malaka & Sumatra Barat,4.105263,95.263158,2026-05-29T00:00,0.4,63
Selat Malaka & Sumatra Barat,4.105263,95.894737,2026-05-29T00:00,0.6,162
Selat Malaka & Sumatra Barat,4.105263,96.526316,2026-05-29T00:00,0.3,135
Selat Malaka & Sumatra Barat,4.105263,98.421053,2026-05-29T00:00,0.4,297
Selat Malaka & Sumatra Barat,4.105263,99.052632,2026-05-29T00:00,1.9,299
Selat Malaka & Sumatra Barat,4.105263,99.684211,2026-05-29T00:00,1.3,286
Selat Malaka & Sumatra Barat,4.105263,100.315789,2026-05-29T00:00,1.3,304
Selat Malaka & Sumatra Barat,4.105263,100.947368,2026-05-29T00:00,0.2,0
Selat Malaka & Sumatra Barat,4.105263,103.473684,2026-05-29T00:00,0.4,90
Selat Malaka & Sumatra Barat,4.105263,104.105263,2026-05-29T00:00,0.4,90
Selat Malaka & Sumatra Barat,4.105263,104.736842,2026-05-29T00:00,1.0,135
Selat Malaka & Sumatra Barat,4.105263,105.368421,2026-05-29T00:00,0.4,117
Selat Malaka & Sumatra Barat,4.105263,106.0,2026-05-29T00:00,0.4,63
Selat Malaka & Sumatra Barat,3.473684,94.0,2026-05-29T00:00,0.4,117
Selat Malaka & Sumatra Barat,3.473684,94.631579,2026-05-29T00:00,0.6,72
Selat Malaka & Sumatra Barat,3.473684,95.263158,2026-05-29T00:00,0.4,333
Selat Malaka & Sumatra Barat,3.473684,95.894737,2026-05-29T00:00,0.0,90
Selat Malaka & Sumatra Barat,3.473684,96.526316,2026-05-29T00:00,0.6,146
Selat Malaka & Sumatra Barat,3.473684,97.157895,2026-05-29T00:00,0.4,180
Selat Malaka & Sumatra Barat,3.473684,99.052632,2026-05-29T00:00,0.8,297
Selat Malaka & Sumatra Barat,3.473684,99.684211,2026-05-29T00:00,0.8,315
Selat Malaka & Sumatra Barat,3.473684,100.315789,2026-05-29T00:00,0.6,304
Selat Malaka & Sumatra Barat,3.473684,100.947368,2026-05-29T00:00,0.9,307
Selat Malaka & Sumatra Barat,3.473684,103.473684,2026-05-29T00:00,0.4,90
Selat Malaka & Sumatra Barat,3.473684,104.105263,2026-05-29T00:00,0.4,117
Selat Malaka & Sumatra Barat,3.473684,104.736842,2026-05-29T00:00,0.9,127
Selat Malaka & Sumatra Barat,3.473684,105.368421,2026-05-29T00:00,0.6,108
Selat Malaka & Sumatra Barat,3.473684,106.0,2026-05-29T00:00,0.7,76
Selat Malaka & Sumatra Barat,2.842105,94.0,2026-05-29T00:00,0.7,14
Selat Malaka & Sumatra Barat,2.842105,94.631579,2026-05-29T00:00,0.6,342
Selat Malaka & Sumatra Barat,2.842105,95.263158,2026-05-29T00:00,0.5,315
Selat Malaka & Sumatra Barat,2.842105,95.894737,2026-05-29T00:00,0.8,225
Selat Malaka & Sumatra Barat,2.842105,96.526316,2026-05-29T00:00,0.4,153
Selat Malaka & Sumatra Barat,2.842105,97.157895,2026-05-29T00:00,0.5,135
Selat Malaka & Sumatra Barat,2.842105,97.789474,2026-05-29T00:00,0.0,90
Selat Malaka & Sumatra Barat,2.842105,99.684211,2026-05-29T00:00,0.0,90
Selat Malaka & Sumatra Barat,2.842105,100.315789,2026-05-29T00:00,1.0,329
Selat Malaka & Sumatra Barat,2.842105,100.947368,2026-05-29T00:00,0.2,0
Selat Malaka & Sumatra Barat,2.842105,101.578947,2026-05-29T00:00,0.8,135
Selat Malaka & Sumatra Barat,2.842105,103.473684,2026-05-29T00:00,0.2,180
Selat Malaka & Sumatra Barat,2.842105,104.105263,2026-05-29T00:00,0.4,90
Selat Malaka & Sumatra Barat,2.842105,104.736842,2026-05-29T00:00,0.8,117
Selat Malaka & Sumatra Barat,2.842105,105.368421,2026-05-29T00:00,0.7,104
Selat Malaka & Sumatra Barat,2.842105,106.0,2026-05-29T00:00,0.4,90
Selat Malaka & Sumatra Barat,2.210526,94.0,2026-05-29T00:00,0.4,153
Selat Malaka & Sumatra Barat,2.210526,94.631579,2026-05-29T00:00,0.6,288
Selat Malaka & Sumatra Barat,2.210526,95.263158,2026-05-29T00:00,0.8,315
Selat Malaka & Sumatra Barat,2.210526,95.894737,2026-05-29T00:00,0.8,297
Selat Malaka & Sumatra Barat,2.210526,96.526316,2026-05-29T00:00,1.7,238
Selat Malaka & Sumatra Barat,2.210526,97.157895,2026-05-29T00:00,0.8,243
Selat Malaka & Sumatra Barat,2.210526,97.789474,2026-05-29T00:00,0.4,243
Selat Malaka & Sumatra Barat,2.210526,98.421053,2026-05-29T00:00,0.2,270
Selat Malaka & Sumatra Barat,2.210526,100.315789,2026-05-29T00:00,0.4,333
Selat Malaka & Sumatra Barat,2.210526,100.947368,2026-05-29T00:00,0.0,90
Selat Malaka & Sumatra Barat,2.210526,101.578947,2026-05-29T00:00,0.9,79
Selat Malaka & Sumatra Barat,2.210526,102.210526,2026-05-29T00:00,1.8,127
Selat Malaka & Sumatra Barat,2.210526,104.105263,2026-05-29T00:00,0.4,153
Selat Malaka & Sumatra Barat,2.210526,104.736842,2026-05-29T00:00,0.5,90
Selat Malaka & Sumatra Barat,2.210526,105.368421,2026-05-29T00:00,1.1,81
Selat Malaka & Sumatra Barat,2.210526,106.0,2026-05-29T00:00,0.7,76
Selat Malaka & Sumatra Barat,1.578947,94.0,2026-05-29T00:00,0.6,162
Selat Malaka & Sumatra Barat,1.578947,94.631579,2026-05-29T00:00,0.5,180
Selat Malaka & Sumatra Barat,1.578947,95.263158,2026-05-29T00:00,0.5,270
Selat Malaka & Sumatra Barat,1.578947,95.894737,2026-05-29T00:00,1.0,292
Selat Malaka & Sumatra Barat,1.578947,96.526316,2026-05-29T00:00,1.1,252
Selat Malaka & Sumatra Barat,1.578947,97.157895,2026-05-29T00:00,0.8,243
Selat Malaka & Sumatra Barat,1.578947,97.789474,2026-05-29T00:00,0.6,342
Selat Malaka & Sumatra Barat,1.578947,98.421053,2026-05-29T00:00,0.4,180
Selat Malaka & Sumatra Barat,1.578947,99.052632,2026-05-29T00:00,0.0,90
Selat Malaka & Sumatra Barat,1.578947,102.210526,2026-05-29T00:00,1.6,96
Selat Malaka & Sumatra Barat,1.578947,102.842105,2026-05-29T00:00,2.8,117
Selat Malaka & Sumatra Barat,1.578947,103.473684,2026-05-29T00:00,1.3,135
Selat Malaka & Sumatra Barat,1.578947,104.105263,2026-05-29T00:00,0.5,90
Selat Malaka & Sumatra Barat,1.578947,104.736842,2026-05-29T00:00,1.6,63
Selat Malaka & Sumatra Barat,1.578947,105.368421,2026-05-29T00:00,1.2,51
Selat Malaka & Sumatra Barat,1.578947,106.0,2026-05-29T00:00,1.5,76
Selat Malaka & Sumatra Barat,0.947368,94.0,2026-05-29T00:00,1.1,180
Selat Malaka & Sumatra Barat,0.947368,94.631579,2026-05-29T00:00,0.7,194
Selat Malaka & Sumatra Barat,0.947368,95.263158,2026-05-29T00:00,0.8,207
Selat Malaka & Sumatra Barat,0.947368,95.894737,2026-05-29T00:00,0.9,259
Selat Malaka & Sumatra Barat,0.947368,96.526316,2026-05-29T00:00,0.6,252
Selat Malaka & Sumatra Barat,0.947368,97.157895,2026-05-29T00:00,0.3,315
Selat Malaka & Sumatra Barat,0.947368,97.789474,2026-05-29T00:00,0.2,0
Selat Malaka & Sumatra Barat,0.947368,98.421053,2026-05-29T00:00,0.4,153
Selat Malaka & Sumatra Barat,0.947368,99.052632,2026-05-29T00:00,0.2,270
Selat Malaka & Sumatra Barat,0.947368,102.842105,2026-05-29T00:00,0.5,90
Selat Malaka & Sumatra Barat,0.947368,103.473684,2026-05-29T00:00,0.3,135
Selat Malaka & Sumatra Barat,0.947368,104.105263,2026-05-29T00:00,0.2,0
Selat Malaka & Sumatra Barat,0.947368,104.736842,2026-05-29T00:00,0.2,90
Selat Malaka & Sumatra Barat,0.947368,105.368421,2026-05-29T00:00,1.9,22
Selat Malaka & Sumatra Barat,0.947368,106.0,2026-05-29T00:00,1.2,39
Selat Malaka & Sumatra Barat,0.315789,94.0,2026-05-29T00:00,1.0,211
Selat Malaka & Sumatra Barat,0.315789,94.631579,2026-05-29T00:00,1.1,198
Selat Malaka & Sumatra Barat,0.315789,95.263158,2026-05-29T00:00,1.1,198
Selat Malaka & Sumatra Barat,0.315789,95.894737,2026-05-29T00:00,0.9,217
Selat Malaka & Sumatra Barat,0.315789,96.526316,2026-05-29T00:00,0.9,233
Selat Malaka & Sumatra Barat,0.315789,97.157895,2026-05-29T00:00,1.1,261
Selat Malaka & Sumatra Barat,0.315789,97.789474,2026-05-29T00:00,1.4,247
Selat Malaka & Sumatra Barat,0.315789,98.421053,2026-05-29T00:00,1.0,248
Selat Malaka & Sumatra Barat,0.315789,99.052632,2026-05-29T00:00,0.4,270
Selat Malaka & Sumatra Barat,0.315789,99.684211,2026-05-29T00:00,0.4,270
Selat Malaka & Sumatra Barat,0.315789,103.473684,2026-05-29T00:00,0.2,180
Selat Malaka & Sumatra Barat,0.315789,104.105263,2026-05-29T00:00,0.6,18
Selat Malaka & Sumatra Barat,0.315789,104.736842,2026-05-29T00:00,1.2,309
Selat Malaka & Sumatra Barat,0.315789,105.368421,2026-05-29T00:00,1.8,0
Selat Malaka & Sumatra Barat,0.315789,106.0,2026-05-29T00:00,1.7,13
Selat Malaka & Sumatra Barat,-0.315789,94.0,2026-05-29T00:00,1.5,201
Selat Malaka & Sumatra Barat,-0.315789,94.631579,2026-05-29T00:00,1.5,194
Selat Malaka & Sumatra Barat,-0.315789,95.263158,2026-05-29T00:00,1.4,203
Selat Malaka & Sumatra Barat,-0.315789,95.894737,2026-05-29T00:00,1.1,189
Selat Malaka & Sumatra Barat,-0.315789,96.526316,2026-05-29T00:00,1.0,211
Selat Malaka & Sumatra Barat,-0.315789,97.157895,2026-05-29T00:00,0.8,225
Selat Malaka & Sumatra Barat,-0.315789,97.789474,2026-05-29T00:00,0.5,225
Selat Malaka & Sumatra Barat,-0.315789,98.421053,2026-05-29T00:00,0.4,27
Selat Malaka & Sumatra Barat,-0.315789,99.052632,2026-05-29T00:00,0.6,162
Selat Malaka & Sumatra Barat,-0.315789,99.684211,2026-05-29T00:00,0.6,288
Selat Malaka & Sumatra Barat,-0.315789,103.473684,2026-05-29T00:00,0.0,90
Selat Malaka & Sumatra Barat,-0.315789,104.105263,2026-05-29T00:00,0.4,0
Selat Malaka & Sumatra Barat,-0.315789,104.736842,2026-05-29T00:00,0.5,315
Selat Malaka & Sumatra Barat,-0.315789,105.368421,2026-05-29T00:00,1.6,0
Selat Malaka & Sumatra Barat,-0.315789,106.0,2026-05-29T00:00,1.5,346
Selat Malaka & Sumatra Barat,-0.947368,94.0,2026-05-29T00:00,0.9,217
Selat Malaka & Sumatra Barat,-0.947368,94.631579,2026-05-29T00:00,1.0,202
Selat Malaka & Sumatra Barat,-0.947368,95.263158,2026-05-29T00:00,1.8,174
Selat Malaka & Sumatra Barat,-0.947368,95.894737,2026-05-29T00:00,1.8,169
Selat Malaka & Sumatra Barat,-0.947368,96.526316,2026-05-29T00:00,1.3,180
Selat Malaka & Sumatra Barat,-0.947368,97.157895,2026-05-29T00:00,0.8,153
Selat Malaka & Sumatra Barat,-0.947368,97.789474,2026-05-29T00:00,0.6,162
Selat Malaka & Sumatra Barat,-0.947368,98.421053,2026-05-29T00:00,0.3,315
Selat Malaka & Sumatra Barat,-0.947368,99.052632,2026-05-29T00:00,1.0,329
Selat Malaka & Sumatra Barat,-0.947368,99.684211,2026-05-29T00:00,0.4,153
Selat Malaka & Sumatra Barat,-0.947368,100.315789,2026-05-29T00:00,0.4,243
Selat Malaka & Sumatra Barat,-0.947368,103.473684,2026-05-29T00:00,0.0,90
Selat Malaka & Sumatra Barat,-0.947368,104.105263,2026-05-29T00:00,0.6,288
Selat Malaka & Sumatra Barat,-0.947368,104.736842,2026-05-29T00:00,0.7,346
Selat Malaka & Sumatra Barat,-0.947368,105.368421,2026-05-29T00:00,1.1,9
Selat Malaka & Sumatra Barat,-0.947368,106.0,2026-05-29T00:00,1.5,346
Selat Malaka & Sumatra Barat,-1.578947,94.0,2026-05-29T00:00,1.0,225
Selat Malaka & Sumatra Barat,-1.578947,94.631579,2026-05-29T00:00,0.9,233
Selat Malaka & Sumatra Barat,-1.578947,95.263158,2026-05-29T00:00,0.6,252
Selat Malaka & Sumatra Barat,-1.578947,95.894737,2026-05-29T00:00,0.6,252
Selat Malaka & Sumatra Barat,-1.578947,96.526316,2026-05-29T00:00,1.0,158
Selat Malaka & Sumatra Barat,-1.578947,97.157895,2026-05-29T00:00,0.8,135
Selat Malaka & Sumatra Barat,-1.578947,97.789474,2026-05-29T00:00,0.6,18
Selat Malaka & Sumatra Barat,-1.578947,98.421053,2026-05-29T00:00,0.3,225
Selat Malaka & Sumatra Barat,-1.578947,99.052632,2026-05-29T00:00,0.4,270
Selat Malaka & Sumatra Barat,-1.578947,99.684211,2026-05-29T00:00,0.6,326
Selat Malaka & Sumatra Barat,-1.578947,100.315789,2026-05-29T00:00,0.8,207
Selat Malaka & Sumatra Barat,-1.578947,100.947368,2026-05-29T00:00,0.5,270
Selat Malaka & Sumatra Barat,-1.578947,104.736842,2026-05-29T00:00,0.7,346
Selat Malaka & Sumatra Barat,-1.578947,105.368421,2026-05-29T00:00,1.2,39
Selat Malaka & Sumatra Barat,-1.578947,106.0,2026-05-29T00:00,0.2,0
Selat Malaka & Sumatra Barat,-2.210526,94.0,2026-05-29T00:00,1.0,239
Selat Malaka & Sumatra Barat,-2.210526,94.631579,2026-05-29T00:00,1.4,247
Selat Malaka & Sumatra Barat,-2.210526,95.263158,2026-05-29T00:00,1.1,252
Selat Malaka & Sumatra Barat,-2.210526,95.894737,2026-05-29T00:00,0.6,236
Selat Malaka & Sumatra Barat,-2.210526,96.526316,2026-05-29T00:00,0.2,180
Selat Malaka & Sumatra Barat,-2.210526,97.157895,2026-05-29T00:00,0.4,90
Selat Malaka & Sumatra Barat,-2.210526,97.789474,2026-05-29T00:00,0.7,76
Selat Malaka & Sumatra Barat,-2.210526,98.421053,2026-05-29T00:00,0.6,56
Selat Malaka & Sumatra Barat,-2.210526,99.052632,2026-05-29T00:00,0.5,90
Selat Malaka & Sumatra Barat,-2.210526,99.684211,2026-05-29T00:00,0.6,72
Selat Malaka & Sumatra Barat,-2.210526,100.315789,2026-05-29T00:00,0.2,180
Selat Malaka & Sumatra Barat,-2.210526,100.947368,2026-05-29T00:00,0.6,288
Selat Malaka & Sumatra Barat,-2.210526,105.368421,2026-05-29T00:00,2.1,290
Selat Malaka & Sumatra Barat,-2.210526,106.0,2026-05-29T00:00,0.5,315
Selat Malaka & Sumatra Barat,-2.842105,94.0,2026-05-29T00:00,0.8,243
Selat Malaka & Sumatra Barat,-2.842105,94.631579,2026-05-29T00:00,0.6,236
Selat Malaka & Sumatra Barat,-2.842105,95.263158,2026-05-29T00:00,0.5,180
Selat Malaka & Sumatra Barat,-2.842105,95.894737,2026-05-29T00:00,0.7,180
Selat Malaka & Sumatra Barat,-2.842105,96.526316,2026-05-29T00:00,1.0,135
Selat Malaka & Sumatra Barat,-2.842105,97.157895,2026-05-29T00:00,0.9,101
Selat Malaka & Sumatra Barat,-2.842105,97.789474,2026-05-29T00:00,1.0,68
Selat Malaka & Sumatra Barat,-2.842105,98.421053,2026-05-29T00:00,1.2,63
Selat Malaka & Sumatra Barat,-2.842105,99.052632,2026-05-29T00:00,1.3,82
Selat Malaka & Sumatra Barat,-2.842105,99.684211,2026-05-29T00:00,0.6,198
Selat Malaka & Sumatra Barat,-2.842105,100.315789,2026-05-29T00:00,0.4,297
Selat Malaka & Sumatra Barat,-2.842105,100.947368,2026-05-29T00:00,0.8,207
Selat Malaka & Sumatra Barat,-2.842105,101.578947,2026-05-29T00:00,0.2,270
Selat Malaka & Sumatra Barat,-2.842105,106.0,2026-05-29T00:00,0.4,90
Selat Malaka & Sumatra Barat,-3.473684,94.0,2026-05-29T00:00,0.4,207
Selat Malaka & Sumatra Barat,-3.473684,94.631579,2026-05-29T00:00,0.4,180
Selat Malaka & Sumatra Barat,-3.473684,95.263158,2026-05-29T00:00,0.9,143
Selat Malaka & Sumatra Barat,-3.473684,95.894737,2026-05-29T00:00,1.0,149
Selat Malaka & Sumatra Barat,-3.473684,96.526316,2026-05-29T00:00,1.2,129
Selat Malaka & Sumatra Barat,-3.473684,97.157895,2026-05-29T00:00,0.8,117
Selat Malaka & Sumatra Barat,-3.473684,97.789474,2026-05-29T00:00,0.5,90
Selat Malaka & Sumatra Barat,-3.473684,98.421053,2026-05-29T00:00,0.6,18
Selat Malaka & Sumatra Barat,-3.473684,99.052632,2026-05-29T00:00,0.4,243
Selat Malaka & Sumatra Barat,-3.473684,99.684211,2026-05-29T00:00,0.7,194
Selat Malaka & Sumatra Barat,-3.473684,100.315789,2026-05-29T00:00,0.5,180
Selat Malaka & Sumatra Barat,-3.473684,100.947368,2026-05-29T00:00,0.3,135
Selat Malaka & Sumatra Barat,-3.473684,101.578947,2026-05-29T00:00,0.7,256
Selat Malaka & Sumatra Barat,-3.473684,102.210526,2026-05-29T00:00,0.0,90
Selat Malaka & Sumatra Barat,-3.473684,106.0,2026-05-29T00:00,0.3,315
Selat Malaka & Sumatra Barat,-4.105263,94.0,2026-05-29T00:00,0.5,135
Selat Malaka & Sumatra Barat,-4.105263,94.631579,2026-05-29T00:00,0.5,45
Selat Malaka & Sumatra Barat,-4.105263,95.263158,2026-05-29T00:00,0.6,56
Selat Malaka & Sumatra Barat,-4.105263,95.894737,2026-05-29T00:00,0.9,90
Selat Malaka & Sumatra Barat,-4.105263,96.526316,2026-05-29T00:00,1.5,104
Selat Malaka & Sumatra Barat,-4.105263,97.157895,2026-05-29T00:00,1.5,97
Selat Malaka & Sumatra Barat,-4.105263,97.789474,2026-05-29T00:00,1.3,98
Selat Malaka & Sumatra Barat,-4.105263,98.421053,2026-05-29T00:00,0.9,90
Selat Malaka & Sumatra Barat,-4.105263,99.052632,2026-05-29T00:00,0.6,108
Selat Malaka & Sumatra Barat,-4.105263,99.684211,2026-05-29T00:00,0.9,180
Selat Malaka & Sumatra Barat,-4.105263,100.315789,2026-05-29T00:00,0.6,146
Selat Malaka & Sumatra Barat,-4.105263,100.947368,2026-05-29T00:00,1.7,139
Selat Malaka & Sumatra Barat,-4.105263,101.578947,2026-05-29T00:00,2.3,151
Selat Malaka & Sumatra Barat,-4.105263,102.210526,2026-05-29T00:00,0.4,270
Selat Malaka & Sumatra Barat,-4.105263,102.842105,2026-05-29T00:00,0.2,270
Selat Malaka & Sumatra Barat,-4.105263,106.0,2026-05-29T00:00,0.2,0
Selat Malaka & Sumatra Barat,-4.736842,94.0,2026-05-29T00:00,0.8,117
Selat Malaka & Sumatra Barat,-4.736842,94.631579,2026-05-29T00:00,0.6,34
Selat Malaka & Sumatra Barat,-4.736842,95.263158,2026-05-29T00:00,0.0,90
Selat Malaka & Sumatra Barat,-4.736842,95.894737,2026-05-29T00:00,0.4,117
Selat Malaka & Sumatra Barat,-4.736842,96.526316,2026-05-29T00:00,1.0,112
Selat Malaka & Sumatra Barat,-4.736842,97.157895,2026-05-29T00:00,1.1,108
Selat Malaka & Sumatra Barat,-4.736842,97.789474,2026-05-29T00:00,1.5,104
Selat Malaka & Sumatra Barat,-4.736842,98.421053,2026-05-29T00:00,1.5,104
Selat Malaka & Sumatra Barat,-4.736842,99.052632,2026-05-29T00:00,1.0,121
Selat Malaka & Sumatra Barat,-4.736842,99.684211,2026-05-29T00:00,0.9,143
Selat Malaka & Sumatra Barat,-4.736842,100.315789,2026-05-29T00:00,0.9,143
Selat Malaka & Sumatra Barat,-4.736842,100.947368,2026-05-29T00:00,0.8,135
Selat Malaka & Sumatra Barat,-4.736842,101.578947,2026-05-29T00:00,0.2,180
Selat Malaka & Sumatra Barat,-4.736842,102.210526,2026-05-29T00:00,2.2,138
Selat Malaka & Sumatra Barat,-4.736842,102.842105,2026-05-29T00:00,0.0,90
Selat Malaka & Sumatra Barat,-4.736842,103.473684,2026-05-29T00:00,0.4,243
Selat Malaka & Sumatra Barat,-4.736842,106.0,2026-05-29T00:00,0.6,18
Selat Malaka & Sumatra Barat,-5.368421,94.0,2026-05-29T00:00,1.3,90
Selat Malaka & Sumatra Barat,-5.368421,94.631579,2026-05-29T00:00,0.6,72
Selat Malaka & Sumatra Barat,-5.368421,95.263158,2026-05-29T00:00,0.6,72
Selat Malaka & Sumatra Barat,-5.368421,95.894737,2026-05-29T00:00,0.7,76
Selat Malaka & Sumatra Barat,-5.368421,96.526316,2026-05-29T00:00,1.5,97
Selat Malaka & Sumatra Barat,-5.368421,97.157895,2026-05-29T00:00,1.4,113
Selat Malaka & Sumatra Barat,-5.368421,97.789474,2026-05-29T00:00,1.3,98
Selat Malaka & Sumatra Barat,-5.368421,98.421053,2026-05-29T00:00,1.7,103
Selat Malaka & Sumatra Barat,-5.368421,99.052632,2026-05-29T00:00,1.8,114
Selat Malaka & Sumatra Barat,-5.368421,99.684211,2026-05-29T00:00,1.8,135
Selat Malaka & Sumatra Barat,-5.368421,100.315789,2026-05-29T00:00,1.7,139
Selat Malaka & Sumatra Barat,-5.368421,100.947368,2026-05-29T00:00,1.4,130
Selat Malaka & Sumatra Barat,-5.368421,101.578947,2026-05-29T00:00,0.8,117
Selat Malaka & Sumatra Barat,-5.368421,102.210526,2026-05-29T00:00,0.6,146
Selat Malaka & Sumatra Barat,-5.368421,102.842105,2026-05-29T00:00,1.7,139
Selat Malaka & Sumatra Barat,-5.368421,103.473684,2026-05-29T00:00,1.5,144
Selat Malaka & Sumatra Barat,-5.368421,104.105263,2026-05-29T00:00,0.2,0
Selat Malaka & Sumatra Barat,-5.368421,104.736842,2026-05-29T00:00,0.4,297
Selat Malaka & Sumatra Barat,-5.368421,105.368421,2026-05-29T00:00,0.0,90
Selat Malaka & Sumatra Barat,-5.368421,106.0,2026-05-29T00:00,1.7,13
Selat Malaka & Sumatra Barat,-6.0,94.0,2026-05-29T00:00,1.3,90
Selat Malaka & Sumatra Barat,-6.0,94.631579,2026-05-29T00:00,1.1,99
Selat Malaka & Sumatra Barat,-6.0,95.263158,2026-05-29T00:00,0.9,90
Selat Malaka & Sumatra Barat,-6.0,95.894737,2026-05-29T00:00,1.2,51
Selat Malaka & Sumatra Barat,-6.0,96.526316,2026-05-29T00:00,1.3,45
Selat Malaka & Sumatra Barat,-6.0,97.157895,2026-05-29T00:00,1.0,59
Selat Malaka & Sumatra Barat,-6.0,97.789474,2026-05-29T00:00,1.5,60
Selat Malaka & Sumatra Barat,-6.0,98.421053,2026-05-29T00:00,1.5,83
Selat Malaka & Sumatra Barat,-6.0,99.052632,2026-05-29T00:00,1.7,103
Selat Malaka & Sumatra Barat,-6.0,99.684211,2026-05-29T00:00,1.8,114
Selat Malaka & Sumatra Barat,-6.0,100.315789,2026-05-29T00:00,1.7,122
Selat Malaka & Sumatra Barat,-6.0,100.947368,2026-05-29T00:00,1.6,117
Selat Malaka & Sumatra Barat,-6.0,101.578947,2026-05-29T00:00,1.4,113
Selat Malaka & Sumatra Barat,-6.0,102.210526,2026-05-29T00:00,1.4,113
Selat Malaka & Sumatra Barat,-6.0,102.842105,2026-05-29T00:00,0.8,207
Selat Malaka & Sumatra Barat,-6.0,103.473684,2026-05-29T00:00,0.4,63
Selat Malaka & Sumatra Barat,-6.0,104.105263,2026-05-29T00:00,2.2,166
Selat Malaka & Sumatra Barat,-6.0,104.736842,2026-05-29T00:00,0.6,198
Selat Malaka & Sumatra Barat,-6.0,105.368421,2026-05-29T00:00,1.9,17
Selat Malaka & Sumatra Barat,-6.0,106.0,2026-05-29T00:00,3.7,43
Jawa & Selat Sunda,3.0,104.0,2026-05-29T00:00,0.4,63
Jawa & Selat Sunda,3.0,104.421053,2026-05-29T00:00,0.6,124
Jawa & Selat Sunda,3.0,104.842105,2026-05-29T00:00,0.9,127
Jawa & Selat Sunda,3.0,105.263158,2026-05-29T00:00,0.7,104
Jawa & Selat Sunda,3.0,105.684211,2026-05-29T00:00,0.7,76
Jawa & Selat Sunda,3.0,106.105263,2026-05-29T00:00,0.3,135
Jawa & Selat Sunda,3.0,106.526316,2026-05-29T00:00,0.2,180
Jawa & Selat Sunda,3.0,106.947368,2026-05-29T00:00,0.4,27
Jawa & Selat Sunda,3.0,107.368421,2026-05-29T00:00,0.4,27
Jawa & Selat Sunda,3.0,107.789474,2026-05-29T00:00,0.5,45
Jawa & Selat Sunda,3.0,108.210526,2026-05-29T00:00,0.6,56
Jawa & Selat Sunda,3.0,108.631579,2026-05-29T00:00,1.3,45
Jawa & Selat Sunda,3.0,109.052632,2026-05-29T00:00,0.2,90
Jawa & Selat Sunda,3.0,109.473684,2026-05-29T00:00,0.6,72
Jawa & Selat Sunda,3.0,109.894737,2026-05-29T00:00,1.5,104
Jawa & Selat Sunda,3.0,110.315789,2026-05-29T00:00,1.1,90
Jawa & Selat Sunda,3.0,110.736842,2026-05-29T00:00,0.5,45
Jawa & Selat Sunda,3.0,111.157895,2026-05-29T00:00,0.9,37
Jawa & Selat Sunda,3.0,111.578947,2026-05-29T00:00,0.6,34
Jawa & Selat Sunda,3.0,112.0,2026-05-29T00:00,0.5,45
Jawa & Selat Sunda,2.342105,104.0,2026-05-29T00:00,0.3,135
Jawa & Selat Sunda,2.342105,104.421053,2026-05-29T00:00,0.7,76
Jawa & Selat Sunda,2.342105,104.842105,2026-05-29T00:00,0.9,101
Jawa & Selat Sunda,2.342105,105.263158,2026-05-29T00:00,0.9,90
Jawa & Selat Sunda,2.342105,105.684211,2026-05-29T00:00,0.9,79
Jawa & Selat Sunda,2.342105,106.105263,2026-05-29T00:00,0.6,72
Jawa & Selat Sunda,2.342105,106.526316,2026-05-29T00:00,0.3,45
Jawa & Selat Sunda,2.342105,106.947368,2026-05-29T00:00,0.2,90
Jawa & Selat Sunda,2.342105,107.368421,2026-05-29T00:00,0.4,63
Jawa & Selat Sunda,2.342105,107.789474,2026-05-29T00:00,0.8,45
Jawa & Selat Sunda,2.342105,108.210526,2026-05-29T00:00,0.8,45
Jawa & Selat Sunda,2.342105,108.631579,2026-05-29T00:00,0.5,45
Jawa & Selat Sunda,2.342105,109.052632,2026-05-29T00:00,0.3,45
Jawa & Selat Sunda,2.342105,109.473684,2026-05-29T00:00,0.7,14
Jawa & Selat Sunda,2.342105,109.894737,2026-05-29T00:00,0.7,0
Jawa & Selat Sunda,2.342105,110.315789,2026-05-29T00:00,0.7,0
Jawa & Selat Sunda,2.342105,110.736842,2026-05-29T00:00,0.5,0
Jawa & Selat Sunda,2.342105,111.157895,2026-05-29T00:00,0.7,346
Jawa & Selat Sunda,2.342105,111.578947,2026-05-29T00:00,0.0,90
Jawa & Selat Sunda,1.684211,104.0,2026-05-29T00:00,0.5,90
Jawa & Selat Sunda,1.684211,104.421053,2026-05-29T00:00,0.5,90
Jawa & Selat Sunda,1.684211,104.842105,2026-05-29T00:00,1.0,59
Jawa & Selat Sunda,1.684211,105.263158,2026-05-29T00:00,1.2,63
Jawa & Selat Sunda,1.684211,105.684211,2026-05-29T00:00,1.4,67
Jawa & Selat Sunda,1.684211,106.105263,2026-05-29T00:00,1.1,72
Jawa & Selat Sunda,1.684211,106.526316,2026-05-29T00:00,1.0,68
Jawa & Selat Sunda,1.684211,106.947368,2026-05-29T00:00,1.0,59
Jawa & Selat Sunda,1.684211,107.368421,2026-05-29T00:00,1.4,50
Jawa & Selat Sunda,1.684211,107.789474,2026-05-29T00:00,1.0,31
Jawa & Selat Sunda,1.684211,108.210526,2026-05-29T00:00,0.5,0
Jawa & Selat Sunda,1.684211,108.631579,2026-05-29T00:00,0.4,333
Jawa & Selat Sunda,1.684211,109.052632,2026-05-29T00:00,0.4,333
Jawa & Selat Sunda,1.684211,109.473684,2026-05-29T00:00,0.2,90
Jawa & Selat Sunda,1.684211,109.894737,2026-05-29T00:00,0.0,90
Jawa & Selat Sunda,1.684211,110.315789,2026-05-29T00:00,0.2,270
Jawa & Selat Sunda,1.684211,110.736842,2026-05-29T00:00,1.0,329
Jawa & Selat Sunda,1.684211,111.157895,2026-05-29T00:00,0.4,0
Jawa & Selat Sunda,1.026316,104.0,2026-05-29T00:00,0.7,90
Jawa & Selat Sunda,1.026316,104.421053,2026-05-29T00:00,0.2,90
Jawa & Selat Sunda,1.026316,104.842105,2026-05-29T00:00,0.4,153
Jawa & Selat Sunda,1.026316,105.263158,2026-05-29T00:00,2.1,20
Jawa & Selat Sunda,1.026316,105.684211,2026-05-29T00:00,1.2,39
Jawa & Selat Sunda,1.026316,106.105263,2026-05-29T00:00,1.3,45
Jawa & Selat Sunda,1.026316,106.526316,2026-05-29T00:00,1.3,56
Jawa & Selat Sunda,1.026316,106.947368,2026-05-29T00:00,1.3,45
Jawa & Selat Sunda,1.026316,107.368421,2026-05-29T00:00,1.3,16
Jawa & Selat Sunda,1.026316,107.789474,2026-05-29T00:00,1.9,17
Jawa & Selat Sunda,1.026316,108.210526,2026-05-29T00:00,1.3,8
Jawa & Selat Sunda,1.026316,108.631579,2026-05-29T00:00,1.3,352
Jawa & Selat Sunda,1.026316,109.052632,2026-05-29T00:00,0.0,90
Jawa & Selat Sunda,0.368421,104.0,2026-05-29T00:00,0.7,0
Jawa & Selat Sunda,0.368421,104.421053,2026-05-29T00:00,1.1,261
Jawa & Selat Sunda,0.368421,104.842105,2026-05-29T00:00,1.2,333
Jawa & Selat Sunda,0.368421,105.263158,2026-05-29T00:00,1.8,0
Jawa & Selat Sunda,0.368421,105.684211,2026-05-29T00:00,1.8,11
Jawa & Selat Sunda,0.368421,106.105263,2026-05-29T00:00,1.5,14
Jawa & Selat Sunda,0.368421,106.526316,2026-05-29T00:00,1.4,23
Jawa & Selat Sunda,0.368421,106.947368,2026-05-29T00:00,1.3,16
Jawa & Selat Sunda,0.368421,107.368421,2026-05-29T00:00,1.5,353
Jawa & Selat Sunda,0.368421,107.789474,2026-05-29T00:00,1.3,344
Jawa & Selat Sunda,0.368421,108.210526,2026-05-29T00:00,1.1,351
Jawa & Selat Sunda,0.368421,108.631579,2026-05-29T00:00,1.1,351
Jawa & Selat Sunda,0.368421,109.052632,2026-05-29T00:00,0.6,304
Jawa & Selat Sunda,-0.289474,104.0,2026-05-29T00:00,0.4,333
Jawa & Selat Sunda,-0.289474,104.421053,2026-05-29T00:00,0.2,0
Jawa & Selat Sunda,-0.289474,104.842105,2026-05-29T00:00,0.4,333
Jawa & Selat Sunda,-0.289474,105.263158,2026-05-29T00:00,2.0,5
Jawa & Selat Sunda,-0.289474,105.684211,2026-05-29T00:00,1.5,346
Jawa & Selat Sunda,-0.289474,106.105263,2026-05-29T00:00,1.5,346
Jawa & Selat Sunda,-0.289474,106.526316,2026-05-29T00:00,1.5,353
Jawa & Selat Sunda,-0.289474,106.947368,2026-05-29T00:00,1.3,0
Jawa & Selat Sunda,-0.289474,107.368421,2026-05-29T00:00,1.1,351
Jawa & Selat Sunda,-0.289474,107.789474,2026-05-29T00:00,1.1,351
Jawa & Selat Sunda,-0.289474,108.210526,2026-05-29T00:00,1.3,344
Jawa & Selat Sunda,-0.289474,108.631579,2026-05-29T00:00,1.3,344
Jawa & Selat Sunda,-0.289474,109.052632,2026-05-29T00:00,0.7,284
Jawa & Selat Sunda,-0.947368,104.0,2026-05-29T00:00,0.0,90
Jawa & Selat Sunda,-0.947368,104.421053,2026-05-29T00:00,1.3,326
Jawa & Selat Sunda,-0.947368,104.842105,2026-05-29T00:00,0.7,0
Jawa & Selat Sunda,-0.947368,105.263158,2026-05-29T00:00,1.3,8
Jawa & Selat Sunda,-0.947368,105.684211,2026-05-29T00:00,1.5,339
Jawa & Selat Sunda,-0.947368,106.105263,2026-05-29T00:00,1.6,333
Jawa & Selat Sunda,-0.947368,106.526316,2026-05-29T00:00,1.3,344
Jawa & Selat Sunda,-0.947368,106.947368,2026-05-29T00:00,1.5,339
Jawa & Selat Sunda,-0.947368,107.368421,2026-05-29T00:00,0.9,349
Jawa & Selat Sunda,-0.947368,107.789474,2026-05-29T00:00,0.6,342
Jawa & Selat Sunda,-0.947368,108.210526,2026-05-29T00:00,1.0,338
Jawa & Selat Sunda,-0.947368,108.631579,2026-05-29T00:00,0.7,346
Jawa & Selat Sunda,-0.947368,109.052632,2026-05-29T00:00,0.8,315
Jawa & Selat Sunda,-0.947368,109.473684,2026-05-29T00:00,0.2,0
Jawa & Selat Sunda,-0.947368,109.894737,2026-05-29T00:00,0.0,90
Jawa & Selat Sunda,-1.605263,104.421053,2026-05-29T00:00,0.4,333
Jawa & Selat Sunda,-1.605263,104.842105,2026-05-29T00:00,0.7,0
Jawa & Selat Sunda,-1.605263,105.263158,2026-05-29T00:00,1.3,16
Jawa & Selat Sunda,-1.605263,105.684211,2026-05-29T00:00,0.2,90
Jawa & Selat Sunda,-1.605263,106.105263,2026-05-29T00:00,0.3,315
Jawa & Selat Sunda,-1.605263,106.526316,2026-05-29T00:00,1.4,337
Jawa & Selat Sunda,-1.605263,106.947368,2026-05-29T00:00,1.6,333
Jawa & Selat Sunda,-1.605263,107.368421,2026-05-29T00:00,1.5,330
Jawa & Selat Sunda,-1.605263,107.789474,2026-05-29T00:00,1.0,315
Jawa & Selat Sunda,-1.605263,108.210526,2026-05-29T00:00,1.0,329
Jawa & Selat Sunda,-1.605263,108.631579,2026-05-29T00:00,1.5,330
Jawa & Selat Sunda,-1.605263,109.052632,2026-05-29T00:00,0.6,326
Jawa & Selat Sunda,-1.605263,109.473684,2026-05-29T00:00,1.0,338
Jawa & Selat Sunda,-1.605263,109.894737,2026-05-29T00:00,0.4,333
Jawa & Selat Sunda,-2.263158,104.842105,2026-05-29T00:00,0.3,315
Jawa & Selat Sunda,-2.263158,105.263158,2026-05-29T00:00,1.5,300
Jawa & Selat Sunda,-2.263158,105.684211,2026-05-29T00:00,0.8,315
Jawa & Selat Sunda,-2.263158,106.105263,2026-05-29T00:00,0.2,0
Jawa & Selat Sunda,-2.263158,106.526316,2026-05-29T00:00,0.6,326
Jawa & Selat Sunda,-2.263158,106.947368,2026-05-29T00:00,1.3,344
Jawa & Selat Sunda,-2.263158,107.368421,2026-05-29T00:00,0.9,349
Jawa & Selat Sunda,-2.263158,107.789474,2026-05-29T00:00,0.8,297
Jawa & Selat Sunda,-2.263158,108.210526,2026-05-29T00:00,1.2,309
Jawa & Selat Sunda,-2.263158,108.631579,2026-05-29T00:00,1.5,291
Jawa & Selat Sunda,-2.263158,109.052632,2026-05-29T00:00,1.5,324
Jawa & Selat Sunda,-2.263158,109.473684,2026-05-29T00:00,1.5,315
Jawa & Selat Sunda,-2.263158,109.894737,2026-05-29T00:00,1.5,324
Jawa & Selat Sunda,-2.263158,110.315789,2026-05-29T00:00,0.4,333
Jawa & Selat Sunda,-2.921053,105.684211,2026-05-29T00:00,0.0,90
Jawa & Selat Sunda,-2.921053,106.105263,2026-05-29T00:00,0.6,162
Jawa & Selat Sunda,-2.921053,106.526316,2026-05-29T00:00,0.6,108
Jawa & Selat Sunda,-2.921053,106.947368,2026-05-29T00:00,1.8,11
Jawa & Selat Sunda,-2.921053,107.368421,2026-05-29T00:00,2.0,355
Jawa & Selat Sunda,-2.921053,107.789474,2026-05-29T00:00,0.3,315
Jawa & Selat Sunda,-2.921053,108.210526,2026-05-29T00:00,0.2,0
Jawa & Selat Sunda,-2.921053,108.631579,2026-05-29T00:00,0.7,0
Jawa & Selat Sunda,-2.921053,109.052632,2026-05-29T00:00,0.7,346
Jawa & Selat Sunda,-2.921053,109.473684,2026-05-29T00:00,1.3,315
Jawa & Selat Sunda,-2.921053,109.894737,2026-05-29T00:00,1.9,311
Jawa & Selat Sunda,-2.921053,110.315789,2026-05-29T00:00,1.8,294
Jawa & Selat Sunda,-2.921053,110.736842,2026-05-29T00:00,0.9,307
Jawa & Selat Sunda,-2.921053,111.578947,2026-05-29T00:00,0.3,315
Jawa & Selat Sunda,-2.921053,112.0,2026-05-29T00:00,0.0,90
Jawa & Selat Sunda,-4.236842,105.684211,2026-05-29T00:00,0.2,180
Jawa & Selat Sunda,-4.236842,106.105263,2026-05-29T00:00,0.7,14
Jawa & Selat Sunda,-4.236842,106.947368,2026-05-29T00:00,0.8,45
Jawa & Selat Sunda,-4.236842,107.368421,2026-05-29T00:00,0.5,45
Jawa & Selat Sunda,-4.236842,107.789474,2026-05-29T00:00,0.4,27
Jawa & Selat Sunda,-4.236842,108.210526,2026-05-29T00:00,0.4,27
Jawa & Selat Sunda,-4.236842,108.631579,2026-05-29T00:00,0.6,18
Jawa & Selat Sunda,-4.236842,109.052632,2026-05-29T00:00,0.4,333
Jawa & Selat Sunda,-4.236842,109.473684,2026-05-29T00:00,0.7,284
Jawa & Selat Sunda,-4.236842,109.894737,2026-05-29T00:00,1.0,301
Jawa & Selat Sunda,-4.236842,110.315789,2026-05-29T00:00,0.8,297
Jawa & Selat Sunda,-4.236842,110.736842,2026-05-29T00:00,0.5,315
Jawa & Selat Sunda,-4.236842,111.157895,2026-05-29T00:00,0.5,270
Jawa & Selat Sunda,-4.236842,111.578947,2026-05-29T00:00,0.7,270
Jawa & Selat Sunda,-4.236842,112.0,2026-05-29T00:00,0.7,256
Jawa & Selat Sunda,-4.894737,104.0,2026-05-29T00:00,0.3,315
Jawa & Selat Sunda,-4.894737,105.684211,2026-05-29T00:00,0.8,27
Jawa & Selat Sunda,-4.894737,106.105263,2026-05-29T00:00,1.3,16
Jawa & Selat Sunda,-4.894737,106.526316,2026-05-29T00:00,1.0,31
Jawa & Selat Sunda,-4.894737,106.947368,2026-05-29T00:00,0.6,56
Jawa & Selat Sunda,-4.894737,107.368421,2026-05-29T00:00,0.4,63
Jawa & Selat Sunda,-4.894737,107.789474,2026-05-29T00:00,0.6,18
Jawa & Selat Sunda,-4.894737,108.210526,2026-05-29T00:00,0.4,27
Jawa & Selat Sunda,-4.894737,108.631579,2026-05-29T00:00,0.2,0
Jawa & Selat Sunda,-4.894737,109.052632,2026-05-29T00:00,0.5,225
Jawa & Selat Sunda,-4.894737,109.473684,2026-05-29T00:00,0.5,270
Jawa & Selat Sunda,-4.894737,109.894737,2026-05-29T00:00,0.5,315
Jawa & Selat Sunda,-4.894737,110.315789,2026-05-29T00:00,0.8,297
Jawa & Selat Sunda,-4.894737,110.736842,2026-05-29T00:00,1.1,261
Jawa & Selat Sunda,-4.894737,111.157895,2026-05-29T00:00,0.9,259
Jawa & Selat Sunda,-4.894737,111.578947,2026-05-29T00:00,0.7,270
Jawa & Selat Sunda,-4.894737,112.0,2026-05-29T00:00,0.5,270
Jawa & Selat Sunda,-5.552632,104.0,2026-05-29T00:00,1.5,111
Jawa & Selat Sunda,-5.552632,104.421053,2026-05-29T00:00,0.6,198
Jawa & Selat Sunda,-5.552632,104.842105,2026-05-29T00:00,0.4,0
Jawa & Selat Sunda,-5.552632,105.263158,2026-05-29T00:00,0.0,90
Jawa & Selat Sunda,-5.552632,105.684211,2026-05-29T00:00,0.7,104
Jawa & Selat Sunda,-5.552632,106.105263,2026-05-29T00:00,1.8,37
Jawa & Selat Sunda,-5.552632,106.526316,2026-05-29T00:00,1.5,69
Jawa & Selat Sunda,-5.552632,106.947368,2026-05-29T00:00,1.1,81
Jawa & Selat Sunda,-5.552632,107.368421,2026-05-29T00:00,0.7,76
Jawa & Selat Sunda,-5.552632,107.789474,2026-05-29T00:00,0.4,63
Jawa & Selat Sunda,-5.552632,108.210526,2026-05-29T00:00,0.4,297
Jawa & Selat Sunda,-5.552632,108.631579,2026-05-29T00:00,0.6,304
Jawa & Selat Sunda,-5.552632,109.052632,2026-05-29T00:00,0.4,297
Jawa & Selat Sunda,-5.552632,109.473684,2026-05-29T00:00,0.8,225
Jawa & Selat Sunda,-5.552632,109.894737,2026-05-29T00:00,0.7,270
Jawa & Selat Sunda,-5.552632,110.315789,2026-05-29T00:00,0.9,281
Jawa & Selat Sunda,-5.552632,110.736842,2026-05-29T00:00,0.7,270
Jawa & Selat Sunda,-5.552632,111.157895,2026-05-29T00:00,0.9,270
Jawa & Selat Sunda,-5.552632,111.578947,2026-05-29T00:00,1.0,292
Jawa & Selat Sunda,-5.552632,112.0,2026-05-29T00:00,0.7,270
Jawa & Selat Sunda,-6.210526,104.0,2026-05-29T00:00,0.6,124
Jawa & Selat Sunda,-6.210526,104.421053,2026-05-29T00:00,1.8,156
Jawa & Selat Sunda,-6.210526,104.842105,2026-05-29T00:00,0.4,117
Jawa & Selat Sunda,-6.210526,105.263158,2026-05-29T00:00,2.4,48
Jawa & Selat Sunda,-6.210526,105.684211,2026-05-29T00:00,2.3,45
Jawa & Selat Sunda,-6.210526,106.105263,2026-05-29T00:00,3.1,45
Jawa & Selat Sunda,-6.210526,106.947368,2026-05-29T00:00,0.2,90
Jawa & Selat Sunda,-6.210526,107.368421,2026-05-29T00:00,0.3,135
Jawa & Selat Sunda,-6.210526,107.789474,2026-05-29T00:00,0.0,90
Jawa & Selat Sunda,-6.210526,108.210526,2026-05-29T00:00,0.0,90
Jawa & Selat Sunda,-6.210526,108.631579,2026-05-29T00:00,0.5,315
Jawa & Selat Sunda,-6.210526,109.052632,2026-05-29T00:00,0.8,333
Jawa & Selat Sunda,-6.210526,109.473684,2026-05-29T00:00,0.4,270
Jawa & Selat Sunda,-6.210526,109.894737,2026-05-29T00:00,0.5,270
Jawa & Selat Sunda,-6.210526,110.315789,2026-05-29T00:00,0.7,284
Jawa & Selat Sunda,-6.210526,110.736842,2026-05-29T00:00,1.6,264
Jawa & Selat Sunda,-6.210526,111.157895,2026-05-29T00:00,1.6,297
Jawa & Selat Sunda,-6.210526,111.578947,2026-05-29T00:00,0.6,304
Jawa & Selat Sunda,-6.210526,112.0,2026-05-29T00:00,0.4,270
Jawa & Selat Sunda,-6.868421,104.0,2026-05-29T00:00,1.5,126
Jawa & Selat Sunda,-6.868421,104.421053,2026-05-29T00:00,1.0,149
Jawa & Selat Sunda,-6.868421,104.842105,2026-05-29T00:00,0.9,127
Jawa & Selat Sunda,-6.868421,105.263158,2026-05-29T00:00,0.7,180
Jawa & Selat Sunda,-6.868421,105.684211,2026-05-29T00:00,0.6,288
Jawa & Selat Sunda,-6.868421,106.105263,2026-05-29T00:00,0.2,270
Jawa & Selat Sunda,-6.868421,106.526316,2026-05-29T00:00,0.5,315
Jawa & Selat Sunda,-6.868421,108.631579,2026-05-29T00:00,0.0,90
Jawa & Selat Sunda,-6.868421,109.052632,2026-05-29T00:00,0.2,270
Jawa & Selat Sunda,-6.868421,109.473684,2026-05-29T00:00,0.2,270
Jawa & Selat Sunda,-6.868421,109.894737,2026-05-29T00:00,0.2,270
Jawa & Selat Sunda,-6.868421,110.315789,2026-05-29T00:00,0.0,90
Jawa & Selat Sunda,-6.868421,110.736842,2026-05-29T00:00,0.3,315
Jawa & Selat Sunda,-6.868421,111.578947,2026-05-29T00:00,0.3,315
Jawa & Selat Sunda,-6.868421,112.0,2026-05-29T00:00,0.3,315
Jawa & Selat Sunda,-7.526316,104.0,2026-05-29T00:00,1.8,135
Jawa & Selat Sunda,-7.526316,104.421053,2026-05-29T00:00,1.8,135
Jawa & Selat Sunda,-7.526316,104.842105,2026-05-29T00:00,1.6,153
Jawa & Selat Sunda,-7.526316,105.263158,2026-05-29T00:00,0.7,166
Jawa & Selat Sunda,-7.526316,105.684211,2026-05-29T00:00,0.8,117
Jawa & Selat Sunda,-7.526316,106.105263,2026-05-29T00:00,0.9,90
Jawa & Selat Sunda,-7.526316,106.526316,2026-05-29T00:00,0.4,63
Jawa & Selat Sunda,-7.526316,106.947368,2026-05-29T00:00,0.2,90
Jawa & Selat Sunda,-7.526316,107.368421,2026-05-29T00:00,0.4,153
Jawa & Selat Sunda,-7.526316,107.789474,2026-05-29T00:00,0.6,162
Jawa & Selat Sunda,-7.526316,108.210526,2026-05-29T00:00,0.8,135
Jawa & Selat Sunda,-7.526316,108.631579,2026-05-29T00:00,0.2,270
Jawa & Selat Sunda,-7.526316,109.052632,2026-05-29T00:00,0.3,225
Jawa & Selat Sunda,-7.526316,109.473684,2026-05-29T00:00,0.2,270
Jawa & Selat Sunda,-8.184211,104.0,2026-05-29T00:00,0.7,256
Jawa & Selat Sunda,-8.184211,104.421053,2026-05-29T00:00,0.7,194
Jawa & Selat Sunda,-8.184211,104.842105,2026-05-29T00:00,1.1,162
Jawa & Selat Sunda,-8.184211,105.263158,2026-05-29T00:00,1.0,149
Jawa & Selat Sunda,-8.184211,105.684211,2026-05-29T00:00,0.6,146
Jawa & Selat Sunda,-8.184211,106.105263,2026-05-29T00:00,0.2,0
Jawa & Selat Sunda,-8.184211,106.526316,2026-05-29T00:00,0.9,259
Jawa & Selat Sunda,-8.184211,106.947368,2026-05-29T00:00,0.4,270
Jawa & Selat Sunda,-8.184211,107.368421,2026-05-29T00:00,0.2,90
Jawa & Selat Sunda,-8.184211,107.789474,2026-05-29T00:00,1.1,108
Jawa & Selat Sunda,-8.184211,108.210526,2026-05-29T00:00,1.4,90
Jawa & Selat Sunda,-8.184211,108.631579,2026-05-29T00:00,1.4,90
Jawa & Selat Sunda,-8.184211,109.052632,2026-05-29T00:00,1.3,90
Jawa & Selat Sunda,-8.184211,109.473684,2026-05-29T00:00,1.5,104
Jawa & Selat Sunda,-8.184211,109.894737,2026-05-29T00:00,1.9,107
Jawa & Selat Sunda,-8.184211,110.315789,2026-05-29T00:00,1.8,114
Jawa & Selat Sunda,-8.184211,110.736842,2026-05-29T00:00,1.1,99
Jawa & Selat Sunda,-8.184211,111.157895,2026-05-29T00:00,1.1,99
Jawa & Selat Sunda,-8.184211,111.578947,2026-05-29T00:00,1.3,106
Jawa & Selat Sunda,-8.184211,112.0,2026-05-29T00:00,0.3,315
Jawa & Selat Sunda,-8.842105,104.0,2026-05-29T00:00,0.7,270
Jawa & Selat Sunda,-8.842105,104.421053,2026-05-29T00:00,1.0,239
Jawa & Selat Sunda,-8.842105,104.842105,2026-05-29T00:00,1.2,219
Jawa & Selat Sunda,-8.842105,105.263158,2026-05-29T00:00,1.2,231
Jawa & Selat Sunda,-8.842105,105.684211,2026-05-29T00:00,1.5,234
Jawa & Selat Sunda,-8.842105,106.105263,2026-05-29T00:00,0.6,288
Jawa & Selat Sunda,-8.842105,106.526316,2026-05-29T00:00,0.4,333
Jawa & Selat Sunda,-8.842105,106.947368,2026-05-29T00:00,0.2,270
Jawa & Selat Sunda,-8.842105,107.368421,2026-05-29T00:00,0.9,259
Jawa & Selat Sunda,-8.842105,107.789474,2026-05-29T00:00,1.5,263
Jawa & Selat Sunda,-8.842105,108.210526,2026-05-29T00:00,1.1,270
Jawa & Selat Sunda,-8.842105,108.631579,2026-05-29T00:00,0.9,270
Jawa & Selat Sunda,-8.842105,109.052632,2026-05-29T00:00,0.7,270
Jawa & Selat Sunda,-8.842105,109.473684,2026-05-29T00:00,0.7,270
Jawa & Selat Sunda,-8.842105,109.894737,2026-05-29T00:00,0.5,225
Jawa & Selat Sunda,-8.842105,110.315789,2026-05-29T00:00,0.6,162
Jawa & Selat Sunda,-8.842105,110.736842,2026-05-29T00:00,0.8,135
Jawa & Selat Sunda,-8.842105,111.157895,2026-05-29T00:00,0.7,104
Jawa & Selat Sunda,-8.842105,111.578947,2026-05-29T00:00,0.5,90
Jawa & Selat Sunda,-8.842105,112.0,2026-05-29T00:00,0.7,76
Jawa & Selat Sunda,-9.5,104.0,2026-05-29T00:00,0.3,45
Jawa & Selat Sunda,-9.5,104.421053,2026-05-29T00:00,1.3,180
Jawa & Selat Sunda,-9.5,104.842105,2026-05-29T00:00,1.5,216
Jawa & Selat Sunda,-9.5,105.263158,2026-05-29T00:00,1.5,234
Jawa & Selat Sunda,-9.5,105.684211,2026-05-29T00:00,0.9,259
Jawa & Selat Sunda,-9.5,106.105263,2026-05-29T00:00,1.0,248
Jawa & Selat Sunda,-9.5,106.526316,2026-05-29T00:00,1.8,246
Jawa & Selat Sunda,-9.5,106.947368,2026-05-29T00:00,1.9,253
Jawa & Selat Sunda,-9.5,107.368421,2026-05-29T00:00,1.5,277
Jawa & Selat Sunda,-9.5,107.789474,2026-05-29T00:00,1.1,288
Jawa & Selat Sunda,-9.5,108.210526,2026-05-29T00:00,1.0,301
Jawa & Selat Sunda,-9.5,108.631579,2026-05-29T00:00,1.0,315
Jawa & Selat Sunda,-9.5,109.052632,2026-05-29T00:00,0.6,304
Jawa & Selat Sunda,-9.5,109.473684,2026-05-29T00:00,0.4,297
Jawa & Selat Sunda,-9.5,109.894737,2026-05-29T00:00,0.4,297
Jawa & Selat Sunda,-9.5,110.315789,2026-05-29T00:00,0.0,90
Jawa & Selat Sunda,-9.5,110.736842,2026-05-29T00:00,0.2,270
Jawa & Selat Sunda,-9.5,111.157895,2026-05-29T00:00,0.2,270
Jawa & Selat Sunda,-9.5,111.578947,2026-05-29T00:00,0.8,63
Jawa & Selat Sunda,-9.5,112.0,2026-05-29T00:00,1.2,51
Bali & Nusa Tenggara,2.0,111.0,2026-05-29T00:00,1.0,338
Bali & Nusa Tenggara,2.0,111.473684,2026-05-29T00:00,0.0,90
Bali & Nusa Tenggara,2.0,118.105263,2026-05-29T00:00,0.6,56
Bali & Nusa Tenggara,2.0,118.578947,2026-05-29T00:00,0.8,117
Bali & Nusa Tenggara,2.0,119.052632,2026-05-29T00:00,1.5,150
Bali & Nusa Tenggara,2.0,119.526316,2026-05-29T00:00,1.0,158
Bali & Nusa Tenggara,2.0,120.0,2026-05-29T00:00,0.7,166
Bali & Nusa Tenggara,1.342105,111.0,2026-05-29T00:00,0.8,315
Bali & Nusa Tenggara,1.342105,118.578947,2026-05-29T00:00,0.4,117
Bali & Nusa Tenggara,1.342105,119.052632,2026-05-29T00:00,2.2,132
Bali & Nusa Tenggara,1.342105,119.526316,2026-05-29T00:00,1.2,141
Bali & Nusa Tenggara,1.342105,120.0,2026-05-29T00:00,1.0,112
Bali & Nusa Tenggara,0.684211,117.631579,2026-05-29T00:00,0.4,63
Bali & Nusa Tenggara,0.684211,118.105263,2026-05-29T00:00,1.7,72
Bali & Nusa Tenggara,0.684211,118.578947,2026-05-29T00:00,2.2,85
Bali & Nusa Tenggara,0.684211,119.052632,2026-05-29T00:00,2.0,80
Bali & Nusa Tenggara,0.684211,119.526316,2026-05-29T00:00,1.5,69
Bali & Nusa Tenggara,0.684211,120.0,2026-05-29T00:00,0.9,79
Bali & Nusa Tenggara,0.026316,117.631579,2026-05-29T00:00,1.0,31
Bali & Nusa Tenggara,0.026316,118.105263,2026-05-29T00:00,1.6,0
Bali & Nusa Tenggara,0.026316,118.578947,2026-05-29T00:00,0.4,0
Bali & Nusa Tenggara,0.026316,119.052632,2026-05-29T00:00,0.4,180
Bali & Nusa Tenggara,0.026316,119.526316,2026-05-29T00:00,0.5,225
Bali & Nusa Tenggara,0.026316,120.0,2026-05-29T00:00,0.4,180
Bali & Nusa Tenggara,-0.631579,117.631579,2026-05-29T00:00,0.4,0
Bali & Nusa Tenggara,-0.631579,118.105263,2026-05-29T00:00,1.3,344
Bali & Nusa Tenggara,-0.631579,118.578947,2026-05-29T00:00,1.3,278
Bali & Nusa Tenggara,-0.631579,119.052632,2026-05-29T00:00,0.3,225
Bali & Nusa Tenggara,-0.631579,119.526316,2026-05-29T00:00,0.9,37
Bali & Nusa Tenggara,-0.631579,120.0,2026-05-29T00:00,0.0,90
Bali & Nusa Tenggara,-1.289474,116.684211,2026-05-29T00:00,0.6,34
Bali & Nusa Tenggara,-1.289474,117.157895,2026-05-29T00:00,1.9,56
Bali & Nusa Tenggara,-1.289474,117.631579,2026-05-29T00:00,1.1,72
Bali & Nusa Tenggara,-1.289474,118.105263,2026-05-29T00:00,0.2,0
Bali & Nusa Tenggara,-1.289474,118.578947,2026-05-29T00:00,0.9,349
Bali & Nusa Tenggara,-1.289474,119.052632,2026-05-29T00:00,0.9,11
Bali & Nusa Tenggara,-1.289474,119.526316,2026-05-29T00:00,0.3,45
Bali & Nusa Tenggara,-1.947368,116.684211,2026-05-29T00:00,1.1,18
Bali & Nusa Tenggara,-1.947368,117.157895,2026-05-29T00:00,1.2,27
Bali & Nusa Tenggara,-1.947368,117.631579,2026-05-29T00:00,0.2,180
Bali & Nusa Tenggara,-1.947368,118.105263,2026-05-29T00:00,0.9,90
Bali & Nusa Tenggara,-1.947368,118.578947,2026-05-29T00:00,1.0,68
Bali & Nusa Tenggara,-1.947368,119.052632,2026-05-29T00:00,0.5,0
Bali & Nusa Tenggara,-1.947368,119.526316,2026-05-29T00:00,0.2,180
Bali & Nusa Tenggara,-2.605263,116.684211,2026-05-29T00:00,0.8,27
Bali & Nusa Tenggara,-2.605263,117.157895,2026-05-29T00:00,0.6,18
Bali & Nusa Tenggara,-2.605263,117.631579,2026-05-29T00:00,0.9,37
Bali & Nusa Tenggara,-2.605263,118.105263,2026-05-29T00:00,0.9,37
Bali & Nusa Tenggara,-2.605263,118.578947,2026-05-29T00:00,1.2,141
Bali & Nusa Tenggara,-2.605263,119.052632,2026-05-29T00:00,0.2,270
Bali & Nusa Tenggara,-3.263158,111.0,2026-05-29T00:00,0.9,270
Bali & Nusa Tenggara,-3.263158,111.473684,2026-05-29T00:00,0.7,284
Bali & Nusa Tenggara,-3.263158,111.947368,2026-05-29T00:00,0.4,270
Bali & Nusa Tenggara,-3.263158,112.421053,2026-05-29T00:00,0.7,256
Bali & Nusa Tenggara,-3.263158,112.894737,2026-05-29T00:00,0.8,243
Bali & Nusa Tenggara,-3.263158,113.368421,2026-05-29T00:00,0.5,270
Bali & Nusa Tenggara,-3.263158,113.842105,2026-05-29T00:00,0.4,243
Bali & Nusa Tenggara,-3.263158,114.315789,2026-05-29T00:00,0.0,90
Bali & Nusa Tenggara,-3.263158,116.210526,2026-05-29T00:00,0.4,63
Bali & Nusa Tenggara,-3.263158,116.684211,2026-05-29T00:00,0.4,117
Bali & Nusa Tenggara,-3.263158,117.157895,2026-05-29T00:00,0.4,63
Bali & Nusa Tenggara,-3.263158,117.631579,2026-05-29T00:00,0.4,90
Bali & Nusa Tenggara,-3.263158,118.105263,2026-05-29T00:00,0.5,0
Bali & Nusa Tenggara,-3.263158,118.578947,2026-05-29T00:00,0.7,194
Bali & Nusa Tenggara,-3.263158,119.052632,2026-05-29T00:00,3.3,174
Bali & Nusa Tenggara,-3.263158,119.526316,2026-05-29T00:00,0.6,214
Bali & Nusa Tenggara,-3.921053,111.0,2026-05-29T00:00,0.7,284
Bali & Nusa Tenggara,-3.921053,111.473684,2026-05-29T00:00,0.7,270
Bali & Nusa Tenggara,-3.921053,111.947368,2026-05-29T00:00,1.1,252
Bali & Nusa Tenggara,-3.921053,112.421053,2026-05-29T00:00,1.1,252
Bali & Nusa Tenggara,-3.921053,112.894737,2026-05-29T00:00,1.3,254
Bali & Nusa Tenggara,-3.921053,113.368421,2026-05-29T00:00,0.9,270
Bali & Nusa Tenggara,-3.921053,113.842105,2026-05-29T00:00,0.7,256
Bali & Nusa Tenggara,-3.921053,114.315789,2026-05-29T00:00,0.7,256
Bali & Nusa Tenggara,-3.921053,114.789474,2026-05-29T00:00,0.3,225
Bali & Nusa Tenggara,-3.921053,115.263158,2026-05-29T00:00,0.6,252
Bali & Nusa Tenggara,-3.921053,115.736842,2026-05-29T00:00,0.4,270
Bali & Nusa Tenggara,-3.921053,116.210526,2026-05-29T00:00,0.8,225
Bali & Nusa Tenggara,-3.921053,116.684211,2026-05-29T00:00,0.2,0
Bali & Nusa Tenggara,-3.921053,117.157895,2026-05-29T00:00,0.3,45
Bali & Nusa Tenggara,-3.921053,117.631579,2026-05-29T00:00,0.4,27
Bali & Nusa Tenggara,-3.921053,118.105263,2026-05-29T00:00,0.2,90
Bali & Nusa Tenggara,-3.921053,118.578947,2026-05-29T00:00,0.9,191
Bali & Nusa Tenggara,-3.921053,119.052632,2026-05-29T00:00,1.5,240
Bali & Nusa Tenggara,-3.921053,119.526316,2026-05-29T00:00,0.7,270
Bali & Nusa Tenggara,-4.578947,111.0,2026-05-29T00:00,0.9,259
Bali & Nusa Tenggara,-4.578947,111.473684,2026-05-29T00:00,0.7,256
Bali & Nusa Tenggara,-4.578947,111.947368,2026-05-29T00:00,0.7,256
Bali & Nusa Tenggara,-4.578947,112.421053,2026-05-29T00:00,0.7,256
Bali & Nusa Tenggara,-4.578947,112.894737,2026-05-29T00:00,0.6,252
Bali & Nusa Tenggara,-4.578947,113.368421,2026-05-29T00:00,1.1,261
Bali & Nusa Tenggara,-4.578947,113.842105,2026-05-29T00:00,1.3,254
Bali & Nusa Tenggara,-4.578947,114.315789,2026-05-29T00:00,1.1,270
Bali & Nusa Tenggara,-4.578947,114.789474,2026-05-29T00:00,0.9,270
Bali & Nusa Tenggara,-4.578947,115.263158,2026-05-29T00:00,0.9,270
Bali & Nusa Tenggara,-4.578947,115.736842,2026-05-29T00:00,0.7,270
Bali & Nusa Tenggara,-4.578947,116.210526,2026-05-29T00:00,0.6,288
Bali & Nusa Tenggara,-4.578947,116.684211,2026-05-29T00:00,0.6,326
Bali & Nusa Tenggara,-4.578947,117.157895,2026-05-29T00:00,0.8,315
Bali & Nusa Tenggara,-4.578947,117.631579,2026-05-29T00:00,0.8,297
Bali & Nusa Tenggara,-4.578947,118.105263,2026-05-29T00:00,0.3,315
Bali & Nusa Tenggara,-4.578947,118.578947,2026-05-29T00:00,2.1,195
Bali & Nusa Tenggara,-4.578947,119.052632,2026-05-29T00:00,0.4,0
Bali & Nusa Tenggara,-4.578947,119.526316,2026-05-29T00:00,0.4,207
Bali & Nusa Tenggara,-5.236842,111.0,2026-05-29T00:00,0.9,270
Bali & Nusa Tenggara,-5.236842,111.473684,2026-05-29T00:00,0.9,270
Bali & Nusa Tenggara,-5.236842,111.947368,2026-05-29T00:00,0.7,284
Bali & Nusa Tenggara,-5.236842,112.421053,2026-05-29T00:00,0.9,259
Bali & Nusa Tenggara,-5.236842,112.894737,2026-05-29T00:00,0.9,270
Bali & Nusa Tenggara,-5.236842,113.368421,2026-05-29T00:00,0.9,270
Bali & Nusa Tenggara,-5.236842,113.842105,2026-05-29T00:00,1.1,261
Bali & Nusa Tenggara,-5.236842,114.315789,2026-05-29T00:00,1.5,284
Bali & Nusa Tenggara,-5.236842,114.789474,2026-05-29T00:00,1.1,288
Bali & Nusa Tenggara,-5.236842,115.263158,2026-05-29T00:00,0.9,281
Bali & Nusa Tenggara,-5.236842,115.736842,2026-05-29T00:00,0.9,281
Bali & Nusa Tenggara,-5.236842,116.210526,2026-05-29T00:00,1.2,309
Bali & Nusa Tenggara,-5.236842,116.684211,2026-05-29T00:00,1.0,292
Bali & Nusa Tenggara,-5.236842,117.157895,2026-05-29T00:00,0.8,297
Bali & Nusa Tenggara,-5.236842,117.631579,2026-05-29T00:00,1.0,292
Bali & Nusa Tenggara,-5.236842,118.105263,2026-05-29T00:00,1.5,216
Bali & Nusa Tenggara,-5.236842,118.578947,2026-05-29T00:00,1.0,225
Bali & Nusa Tenggara,-5.236842,119.052632,2026-05-29T00:00,1.1,279
Bali & Nusa Tenggara,-5.236842,119.526316,2026-05-29T00:00,0.4,243
Bali & Nusa Tenggara,-5.894737,111.0,2026-05-29T00:00,0.9,281
Bali & Nusa Tenggara,-5.894737,111.473684,2026-05-29T00:00,0.7,270
Bali & Nusa Tenggara,-5.894737,111.947368,2026-05-29T00:00,0.5,270
Bali & Nusa Tenggara,-5.894737,112.421053,2026-05-29T00:00,0.4,243
Bali & Nusa Tenggara,-5.894737,112.894737,2026-05-29T00:00,0.9,259
Bali & Nusa Tenggara,-5.894737,113.368421,2026-05-29T00:00,0.7,256
Bali & Nusa Tenggara,-5.894737,113.842105,2026-05-29T00:00,0.9,281
Bali & Nusa Tenggara,-5.894737,114.315789,2026-05-29T00:00,1.3,304
Bali & Nusa Tenggara,-5.894737,114.789474,2026-05-29T00:00,0.8,297
Bali & Nusa Tenggara,-5.894737,115.263158,2026-05-29T00:00,0.8,297
Bali & Nusa Tenggara,-5.894737,115.736842,2026-05-29T00:00,0.9,349
Bali & Nusa Tenggara,-5.894737,116.210526,2026-05-29T00:00,0.6,342
Bali & Nusa Tenggara,-5.894737,116.684211,2026-05-29T00:00,0.4,297
Bali & Nusa Tenggara,-5.894737,117.157895,2026-05-29T00:00,0.4,297
Bali & Nusa Tenggara,-5.894737,117.631579,2026-05-29T00:00,0.5,135
Bali & Nusa Tenggara,-5.894737,118.105263,2026-05-29T00:00,1.3,196
Bali & Nusa Tenggara,-5.894737,118.578947,2026-05-29T00:00,0.6,214
Bali & Nusa Tenggara,-5.894737,119.052632,2026-05-29T00:00,0.4,0
Bali & Nusa Tenggara,-5.894737,119.526316,2026-05-29T00:00,0.7,270
Bali & Nusa Tenggara,-5.894737,120.0,2026-05-29T00:00,0.6,252
Bali & Nusa Tenggara,-6.552632,111.0,2026-05-29T00:00,0.4,333
Bali & Nusa Tenggara,-6.552632,111.473684,2026-05-29T00:00,0.7,284
Bali & Nusa Tenggara,-6.552632,111.947368,2026-05-29T00:00,0.9,307
Bali & Nusa Tenggara,-6.552632,112.421053,2026-05-29T00:00,0.0,90
Bali & Nusa Tenggara,-6.552632,112.894737,2026-05-29T00:00,0.2,270
Bali & Nusa Tenggara,-6.552632,113.368421,2026-05-29T00:00,0.2,270
Bali & Nusa Tenggara,-6.552632,113.842105,2026-05-29T00:00,0.5,315
Bali & Nusa Tenggara,-6.552632,114.315789,2026-05-29T00:00,0.8,333
Bali & Nusa Tenggara,-6.552632,114.789474,2026-05-29T00:00,0.6,304
Bali & Nusa Tenggara,-6.552632,115.263158,2026-05-29T00:00,0.7,346
Bali & Nusa Tenggara,-6.552632,115.736842,2026-05-29T00:00,0.7,284
Bali & Nusa Tenggara,-6.552632,116.210526,2026-05-29T00:00,1.0,301
Bali & Nusa Tenggara,-6.552632,116.684211,2026-05-29T00:00,0.7,256
Bali & Nusa Tenggara,-6.552632,117.157895,2026-05-29T00:00,1.3,315
Bali & Nusa Tenggara,-6.552632,117.631579,2026-05-29T00:00,1.8,259
Bali & Nusa Tenggara,-6.552632,118.105263,2026-05-29T00:00,1.5,240
Bali & Nusa Tenggara,-6.552632,118.578947,2026-05-29T00:00,1.0,248
Bali & Nusa Tenggara,-6.552632,119.052632,2026-05-29T00:00,0.4,180
Bali & Nusa Tenggara,-6.552632,119.526316,2026-05-29T00:00,0.6,252
Bali & Nusa Tenggara,-6.552632,120.0,2026-05-29T00:00,0.2,180
Bali & Nusa Tenggara,-7.210526,112.894737,2026-05-29T00:00,0.2,270
Bali & Nusa Tenggara,-7.210526,113.368421,2026-05-29T00:00,0.6,342
Bali & Nusa Tenggara,-7.210526,113.842105,2026-05-29T00:00,0.5,270
Bali & Nusa Tenggara,-7.210526,114.315789,2026-05-29T00:00,1.3,304
Bali & Nusa Tenggara,-7.210526,114.789474,2026-05-29T00:00,0.7,284
Bali & Nusa Tenggara,-7.210526,115.263158,2026-05-29T00:00,1.9,299
Bali & Nusa Tenggara,-7.210526,115.736842,2026-05-29T00:00,1.0,68
Bali & Nusa Tenggara,-7.210526,116.210526,2026-05-29T00:00,1.3,82
Bali & Nusa Tenggara,-7.210526,116.684211,2026-05-29T00:00,0.4,0
Bali & Nusa Tenggara,-7.210526,117.157895,2026-05-29T00:00,0.6,198
Bali & Nusa Tenggara,-7.210526,117.631579,2026-05-29T00:00,0.4,63
Bali & Nusa Tenggara,-7.210526,118.105263,2026-05-29T00:00,0.0,90
Bali & Nusa Tenggara,-7.210526,118.578947,2026-05-29T00:00,0.3,225
Bali & Nusa Tenggara,-7.210526,119.052632,2026-05-29T00:00,0.6,288
Bali & Nusa Tenggara,-7.210526,119.526316,2026-05-29T00:00,0.3,225
Bali & Nusa Tenggara,-7.210526,120.0,2026-05-29T00:00,0.5,315
Bali & Nusa Tenggara,-7.868421,113.368421,2026-05-29T00:00,0.3,315
Bali & Nusa Tenggara,-7.868421,113.842105,2026-05-29T00:00,0.4,90
Bali & Nusa Tenggara,-7.868421,114.315789,2026-05-29T00:00,0.4,117
Bali & Nusa Tenggara,-7.868421,114.789474,2026-05-29T00:00,0.4,117
Bali & Nusa Tenggara,-7.868421,115.263158,2026-05-29T00:00,1.1,81
Bali & Nusa Tenggara,-7.868421,115.736842,2026-05-29T00:00,2.8,333
Bali & Nusa Tenggara,-7.868421,116.210526,2026-05-29T00:00,0.8,297
Bali & Nusa Tenggara,-7.868421,116.684211,2026-05-29T00:00,1.9,248
Bali & Nusa Tenggara,-7.868421,117.157895,2026-05-29T00:00,0.4,270
Bali & Nusa Tenggara,-7.868421,117.631579,2026-05-29T00:00,1.3,8
Bali & Nusa Tenggara,-7.868421,118.105263,2026-05-29T00:00,0.9,281
Bali & Nusa Tenggara,-7.868421,118.578947,2026-05-29T00:00,0.6,288
Bali & Nusa Tenggara,-7.868421,119.052632,2026-05-29T00:00,0.6,34
Bali & Nusa Tenggara,-7.868421,119.526316,2026-05-29T00:00,0.7,104
Bali & Nusa Tenggara,-7.868421,120.0,2026-05-29T00:00,1.2,117
Bali & Nusa Tenggara,-8.526316,111.0,2026-05-29T00:00,2.2,104
Bali & Nusa Tenggara,-8.526316,111.473684,2026-05-29T00:00,2.2,99
Bali & Nusa Tenggara,-8.526316,111.947368,2026-05-29T00:00,2.5,86
Bali & Nusa Tenggara,-8.526316,112.421053,2026-05-29T00:00,2.4,99
Bali & Nusa Tenggara,-8.526316,112.894737,2026-05-29T00:00,2.3,86
Bali & Nusa Tenggara,-8.526316,113.368421,2026-05-29T00:00,1.1,99
Bali & Nusa Tenggara,-8.526316,113.842105,2026-05-29T00:00,0.8,117
Bali & Nusa Tenggara,-8.526316,114.315789,2026-05-29T00:00,1.2,129
Bali & Nusa Tenggara,-8.526316,114.789474,2026-05-29T00:00,1.3,278
Bali & Nusa Tenggara,-8.526316,115.263158,2026-05-29T00:00,1.4,23
Bali & Nusa Tenggara,-8.526316,115.736842,2026-05-29T00:00,2.3,0
Bali & Nusa Tenggara,-8.526316,116.210526,2026-05-29T00:00,0.9,233
Bali & Nusa Tenggara,-8.526316,116.684211,2026-05-29T00:00,3.5,28
Bali & Nusa Tenggara,-8.526316,117.157895,2026-05-29T00:00,0.3,135
Bali & Nusa Tenggara,-8.526316,117.631579,2026-05-29T00:00,1.1,108
Bali & Nusa Tenggara,-8.526316,119.052632,2026-05-29T00:00,1.0,315
Bali & Nusa Tenggara,-8.526316,119.526316,2026-05-29T00:00,3.7,23
Bali & Nusa Tenggara,-8.526316,120.0,2026-05-29T00:00,0.5,270
Bali & Nusa Tenggara,-9.184211,111.0,2026-05-29T00:00,0.2,90
Bali & Nusa Tenggara,-9.184211,111.473684,2026-05-29T00:00,0.5,90
Bali & Nusa Tenggara,-9.184211,111.947368,2026-05-29T00:00,1.2,63
Bali & Nusa Tenggara,-9.184211,112.421053,2026-05-29T00:00,1.8,66
Bali & Nusa Tenggara,-9.184211,112.894737,2026-05-29T00:00,2.1,75
Bali & Nusa Tenggara,-9.184211,113.368421,2026-05-29T00:00,2.2,85
Bali & Nusa Tenggara,-9.184211,113.842105,2026-05-29T00:00,2.5,98
Bali & Nusa Tenggara,-9.184211,114.315789,2026-05-29T00:00,2.8,105
Bali & Nusa Tenggara,-9.184211,114.789474,2026-05-29T00:00,2.8,101
Bali & Nusa Tenggara,-9.184211,115.263158,2026-05-29T00:00,2.2,90
Bali & Nusa Tenggara,-9.184211,115.736842,2026-05-29T00:00,1.6,84
Bali & Nusa Tenggara,-9.184211,116.210526,2026-05-29T00:00,0.9,79
Bali & Nusa Tenggara,-9.184211,116.684211,2026-05-29T00:00,0.9,233
Bali & Nusa Tenggara,-9.184211,117.157895,2026-05-29T00:00,0.9,307
Bali & Nusa Tenggara,-9.184211,117.631579,2026-05-29T00:00,0.9,37
Bali & Nusa Tenggara,-9.184211,118.105263,2026-05-29T00:00,1.0,68
Bali & Nusa Tenggara,-9.184211,118.578947,2026-05-29T00:00,1.1,99
Bali & Nusa Tenggara,-9.184211,119.052632,2026-05-29T00:00,1.5,60
Bali & Nusa Tenggara,-9.184211,119.526316,2026-05-29T00:00,0.9,90
Bali & Nusa Tenggara,-9.184211,120.0,2026-05-29T00:00,1.6,96
Bali & Nusa Tenggara,-9.842105,111.0,2026-05-29T00:00,0.2,270
Bali & Nusa Tenggara,-9.842105,111.473684,2026-05-29T00:00,0.7,14
Bali & Nusa Tenggara,-9.842105,111.947368,2026-05-29T00:00,1.0,31
Bali & Nusa Tenggara,-9.842105,112.421053,2026-05-29T00:00,1.3,16
Bali & Nusa Tenggara,-9.842105,112.894737,2026-05-29T00:00,1.1,9
Bali & Nusa Tenggara,-9.842105,113.368421,2026-05-29T00:00,0.5,0
Bali & Nusa Tenggara,-9.842105,113.842105,2026-05-29T00:00,0.4,63
Bali & Nusa Tenggara,-9.842105,114.315789,2026-05-29T00:00,0.8,135
Bali & Nusa Tenggara,-9.842105,114.789474,2026-05-29T00:00,1.3,124
Bali & Nusa Tenggara,-9.842105,115.263158,2026-05-29T00:00,1.5,111
Bali & Nusa Tenggara,-9.842105,115.736842,2026-05-29T00:00,1.0,135
Bali & Nusa Tenggara,-9.842105,116.210526,2026-05-29T00:00,1.5,173
Bali & Nusa Tenggara,-9.842105,116.684211,2026-05-29T00:00,0.4,270
Bali & Nusa Tenggara,-9.842105,117.157895,2026-05-29T00:00,0.6,326
Bali & Nusa Tenggara,-9.842105,117.631579,2026-05-29T00:00,1.4,293
Bali & Nusa Tenggara,-9.842105,118.105263,2026-05-29T00:00,1.3,304
Bali & Nusa Tenggara,-9.842105,118.578947,2026-05-29T00:00,1.0,301
Bali & Nusa Tenggara,-9.842105,119.052632,2026-05-29T00:00,0.9,127
Bali & Nusa Tenggara,-9.842105,119.526316,2026-05-29T00:00,1.3,106
Bali & Nusa Tenggara,-9.842105,120.0,2026-05-29T00:00,1.3,135
Bali & Nusa Tenggara,-10.5,111.0,2026-05-29T00:00,0.3,315
Bali & Nusa Tenggara,-10.5,111.473684,2026-05-29T00:00,1.0,329
Bali & Nusa Tenggara,-10.5,111.947368,2026-05-29T00:00,1.2,321
Bali & Nusa Tenggara,-10.5,112.421053,2026-05-29T00:00,1.5,300
Bali & Nusa Tenggara,-10.5,112.894737,2026-05-29T00:00,1.4,293
Bali & Nusa Tenggara,-10.5,113.368421,2026-05-29T00:00,1.3,304
Bali & Nusa Tenggara,-10.5,113.842105,2026-05-29T00:00,1.4,293
Bali & Nusa Tenggara,-10.5,114.315789,2026-05-29T00:00,1.3,270
Bali & Nusa Tenggara,-10.5,114.789474,2026-05-29T00:00,1.3,262
Bali & Nusa Tenggara,-10.5,115.263158,2026-05-29T00:00,0.7,256
Bali & Nusa Tenggara,-10.5,115.736842,2026-05-29T00:00,1.9,209
Bali & Nusa Tenggara,-10.5,116.210526,2026-05-29T00:00,2.4,216
Bali & Nusa Tenggara,-10.5,116.684211,2026-05-29T00:00,1.2,243
Bali & Nusa Tenggara,-10.5,117.157895,2026-05-29T00:00,1.5,263
Bali & Nusa Tenggara,-10.5,117.631579,2026-05-29T00:00,1.1,288
Bali & Nusa Tenggara,-10.5,118.105263,2026-05-29T00:00,1.4,310
Bali & Nusa Tenggara,-10.5,118.578947,2026-05-29T00:00,1.5,324
Bali & Nusa Tenggara,-10.5,119.052632,2026-05-29T00:00,1.0,292
Bali & Nusa Tenggara,-10.5,119.526316,2026-05-29T00:00,1.3,254
Bali & Nusa Tenggara,-10.5,120.0,2026-05-29T00:00,1.0,202
Kalimantan & Laut Jawa,7.0,107.0,2026-05-29T00:00,0.8,117
Kalimantan & Laut Jawa,7.0,107.578947,2026-05-29T00:00,0.4,63
Kalimantan & Laut Jawa,7.0,108.157895,2026-05-29T00:00,0.3,225
Kalimantan & Laut Jawa,7.0,108.736842,2026-05-29T00:00,0.2,270
Kalimantan & Laut Jawa,7.0,109.315789,2026-05-29T00:00,0.2,270
Kalimantan & Laut Jawa,7.0,109.894737,2026-05-29T00:00,0.2,270
Kalimantan & Laut Jawa,7.0,110.473684,2026-05-29T00:00,0.2,270
Kalimantan & Laut Jawa,7.0,111.052632,2026-05-29T00:00,0.2,90
Kalimantan & Laut Jawa,7.0,111.631579,2026-05-29T00:00,0.5,135
Kalimantan & Laut Jawa,7.0,112.210526,2026-05-29T00:00,0.6,108
Kalimantan & Laut Jawa,7.0,112.789474,2026-05-29T00:00,0.4,117
Kalimantan & Laut Jawa,7.0,113.368421,2026-05-29T00:00,0.7,180
Kalimantan & Laut Jawa,7.0,113.947368,2026-05-29T00:00,0.5,0
Kalimantan & Laut Jawa,7.0,114.526316,2026-05-29T00:00,1.0,22
Kalimantan & Laut Jawa,7.0,115.105263,2026-05-29T00:00,0.8,63
Kalimantan & Laut Jawa,7.0,115.684211,2026-05-29T00:00,0.8,63
Kalimantan & Laut Jawa,7.0,116.263158,2026-05-29T00:00,0.4,63
Kalimantan & Laut Jawa,7.0,116.842105,2026-05-29T00:00,0.5,90
Kalimantan & Laut Jawa,7.0,117.421053,2026-05-29T00:00,0.2,90
Kalimantan & Laut Jawa,7.0,118.0,2026-05-29T00:00,0.6,108
Kalimantan & Laut Jawa,6.368421,107.0,2026-05-29T00:00,0.5,225
Kalimantan & Laut Jawa,3.842105,107.578947,2026-05-29T00:00,0.7,76
Kalimantan & Laut Jawa,3.842105,108.157895,2026-05-29T00:00,0.7,104
Kalimantan & Laut Jawa,3.842105,108.736842,2026-05-29T00:00,1.2,153
Kalimantan & Laut Jawa,3.842105,109.315789,2026-05-29T00:00,0.9,101
Kalimantan & Laut Jawa,3.842105,109.894737,2026-05-29T00:00,1.1,90
Kalimantan & Laut Jawa,3.842105,110.473684,2026-05-29T00:00,1.3,74
Kalimantan & Laut Jawa,3.842105,111.052632,2026-05-29T00:00,1.5,76
Kalimantan & Laut Jawa,3.842105,111.631579,2026-05-29T00:00,1.2,63
Kalimantan & Laut Jawa,3.842105,112.210526,2026-05-29T00:00,1.8,66
Kalimantan & Laut Jawa,3.842105,112.789474,2026-05-29T00:00,0.6,56
Kalimantan & Laut Jawa,3.842105,113.368421,2026-05-29T00:00,0.2,0
Kalimantan & Laut Jawa,3.842105,113.947368,2026-05-29T00:00,0.0,90
Kalimantan & Laut Jawa,3.842105,118.0,2026-05-29T00:00,0.7,104
Kalimantan & Laut Jawa,3.210526,107.0,2026-05-29T00:00,0.3,45
Kalimantan & Laut Jawa,3.210526,107.578947,2026-05-29T00:00,0.4,63
Kalimantan & Laut Jawa,3.210526,108.157895,2026-05-29T00:00,0.7,76
Kalimantan & Laut Jawa,3.210526,108.736842,2026-05-29T00:00,1.2,63
Kalimantan & Laut Jawa,3.210526,109.315789,2026-05-29T00:00,2.2,90
Kalimantan & Laut Jawa,3.210526,109.894737,2026-05-29T00:00,1.5,104
Kalimantan & Laut Jawa,3.210526,110.473684,2026-05-29T00:00,1.3,82
Kalimantan & Laut Jawa,3.210526,111.052632,2026-05-29T00:00,0.9,53
Kalimantan & Laut Jawa,3.210526,111.631579,2026-05-29T00:00,1.3,56
Kalimantan & Laut Jawa,3.210526,112.210526,2026-05-29T00:00,0.8,45
Kalimantan & Laut Jawa,3.210526,112.789474,2026-05-29T00:00,0.2,90
Kalimantan & Laut Jawa,3.210526,113.368421,2026-05-29T00:00,0.0,90
Kalimantan & Laut Jawa,3.210526,117.421053,2026-05-29T00:00,0.3,135
Kalimantan & Laut Jawa,3.210526,118.0,2026-05-29T00:00,0.7,76
Kalimantan & Laut Jawa,2.578947,107.0,2026-05-29T00:00,0.0,90
Kalimantan & Laut Jawa,2.578947,107.578947,2026-05-29T00:00,0.5,45
Kalimantan & Laut Jawa,2.578947,108.157895,2026-05-29T00:00,0.8,45
Kalimantan & Laut Jawa,2.578947,108.736842,2026-05-29T00:00,0.5,45
Kalimantan & Laut Jawa,2.578947,109.315789,2026-05-29T00:00,1.0,31
Kalimantan & Laut Jawa,2.578947,109.894737,2026-05-29T00:00,0.9,37
Kalimantan & Laut Jawa,2.578947,110.473684,2026-05-29T00:00,0.9,37
Kalimantan & Laut Jawa,2.578947,111.052632,2026-05-29T00:00,0.4,333
Kalimantan & Laut Jawa,2.578947,111.631579,2026-05-29T00:00,0.0,90
Kalimantan & Laut Jawa,2.578947,118.0,2026-05-29T00:00,0.2,90
Kalimantan & Laut Jawa,1.947368,107.0,2026-05-29T00:00,0.6,72
Kalimantan & Laut Jawa,1.947368,107.578947,2026-05-29T00:00,1.2,51
Kalimantan & Laut Jawa,1.947368,108.157895,2026-05-29T00:00,0.6,34
Kalimantan & Laut Jawa,1.947368,108.736842,2026-05-29T00:00,0.4,27
Kalimantan & Laut Jawa,1.947368,109.315789,2026-05-29T00:00,0.0,90
Kalimantan & Laut Jawa,1.947368,109.894737,2026-05-29T00:00,0.5,315
Kalimantan & Laut Jawa,1.947368,110.473684,2026-05-29T00:00,0.9,307
Kalimantan & Laut Jawa,1.947368,111.052632,2026-05-29T00:00,1.1,351
Kalimantan & Laut Jawa,1.947368,118.0,2026-05-29T00:00,0.0,90
Kalimantan & Laut Jawa,1.315789,107.0,2026-05-29T00:00,1.2,63
Kalimantan & Laut Jawa,1.315789,107.578947,2026-05-29T00:00,1.8,24
Kalimantan & Laut Jawa,1.315789,108.157895,2026-05-29T00:00,1.1,9
Kalimantan & Laut Jawa,1.315789,108.736842,2026-05-29T00:00,0.9,349
Kalimantan & Laut Jawa,1.315789,109.315789,2026-05-29T00:00,0.0,90
Kalimantan & Laut Jawa,1.315789,111.052632,2026-05-29T00:00,0.8,315
Kalimantan & Laut Jawa,0.684211,107.0,2026-05-29T00:00,1.3,34
Kalimantan & Laut Jawa,0.684211,107.578947,2026-05-29T00:00,1.6,354
Kalimantan & Laut Jawa,0.684211,108.157895,2026-05-29T00:00,1.6,6
Kalimantan & Laut Jawa,0.684211,108.736842,2026-05-29T00:00,1.3,352
Kalimantan & Laut Jawa,0.684211,118.0,2026-05-29T00:00,1.4,50
Kalimantan & Laut Jawa,0.052632,107.0,2026-05-29T00:00,1.3,8
Kalimantan & Laut Jawa,0.052632,107.578947,2026-05-29T00:00,1.3,352
Kalimantan & Laut Jawa,0.052632,108.157895,2026-05-29T00:00,1.3,344
Kalimantan & Laut Jawa,0.052632,108.736842,2026-05-29T00:00,1.0,338
Kalimantan & Laut Jawa,0.052632,109.315789,2026-05-29T00:00,0.2,270
Kalimantan & Laut Jawa,0.052632,117.421053,2026-05-29T00:00,0.2,90
Kalimantan & Laut Jawa,0.052632,118.0,2026-05-29T00:00,2.3,4
Kalimantan & Laut Jawa,-0.578947,107.0,2026-05-29T00:00,1.3,344
Kalimantan & Laut Jawa,-0.578947,107.578947,2026-05-29T00:00,0.9,0
Kalimantan & Laut Jawa,-0.578947,108.157895,2026-05-29T00:00,1.1,342
Kalimantan & Laut Jawa,-0.578947,108.736842,2026-05-29T00:00,1.0,338
Kalimantan & Laut Jawa,-0.578947,109.315789,2026-05-29T00:00,0.3,315
Kalimantan & Laut Jawa,-0.578947,117.421053,2026-05-29T00:00,0.3,45
Kalimantan & Laut Jawa,-0.578947,118.0,2026-05-29T00:00,2.1,15
Kalimantan & Laut Jawa,-1.210526,107.0,2026-05-29T00:00,1.5,339
Kalimantan & Laut Jawa,-1.210526,107.578947,2026-05-29T00:00,0.9,323
Kalimantan & Laut Jawa,-1.210526,108.157895,2026-05-29T00:00,1.0,329
Kalimantan & Laut Jawa,-1.210526,108.736842,2026-05-29T00:00,1.2,333
Kalimantan & Laut Jawa,-1.210526,109.315789,2026-05-29T00:00,0.6,326
Kalimantan & Laut Jawa,-1.210526,109.894737,2026-05-29T00:00,0.3,315
Kalimantan & Laut Jawa,-1.210526,116.842105,2026-05-29T00:00,0.6,56
Kalimantan & Laut Jawa,-1.210526,117.421053,2026-05-29T00:00,1.6,63
Kalimantan & Laut Jawa,-1.210526,118.0,2026-05-29T00:00,0.5,90
Kalimantan & Laut Jawa,-1.842105,107.0,2026-05-29T00:00,1.3,344
Kalimantan & Laut Jawa,-1.842105,107.578947,2026-05-29T00:00,1.2,333
Kalimantan & Laut Jawa,-1.842105,108.157895,2026-05-29T00:00,1.3,315
Kalimantan & Laut Jawa,-1.842105,108.736842,2026-05-29T00:00,1.3,304
Kalimantan & Laut Jawa,-1.842105,109.315789,2026-05-29T00:00,1.0,315
Kalimantan & Laut Jawa,-1.842105,109.894737,2026-05-29T00:00,1.0,329
Kalimantan & Laut Jawa,-1.842105,116.263158,2026-05-29T00:00,0.2,90
Kalimantan & Laut Jawa,-1.842105,116.842105,2026-05-29T00:00,1.9,17
Kalimantan & Laut Jawa,-1.842105,117.421053,2026-05-29T00:00,0.3,315
Kalimantan & Laut Jawa,-1.842105,118.0,2026-05-29T00:00,0.7,90
Kalimantan & Laut Jawa,-2.473684,107.0,2026-05-29T00:00,2.1,345
Kalimantan & Laut Jawa,-2.473684,107.578947,2026-05-29T00:00,0.7,14
Kalimantan & Laut Jawa,-2.473684,108.157895,2026-05-29T00:00,0.3,315
Kalimantan & Laut Jawa,-2.473684,108.736842,2026-05-29T00:00,1.0,338
Kalimantan & Laut Jawa,-2.473684,109.315789,2026-05-29T00:00,1.5,330
Kalimantan & Laut Jawa,-2.473684,109.894737,2026-05-29T00:00,1.8,323
Kalimantan & Laut Jawa,-2.473684,116.263158,2026-05-29T00:00,0.0,90
Kalimantan & Laut Jawa,-2.473684,116.842105,2026-05-29T00:00,1.1,0
Kalimantan & Laut Jawa,-2.473684,117.421053,2026-05-29T00:00,0.8,45
Kalimantan & Laut Jawa,-2.473684,118.0,2026-05-29T00:00,1.3,45
Kalimantan & Laut Jawa,-3.105263,107.0,2026-05-29T00:00,1.8,53
Kalimantan & Laut Jawa,-3.105263,107.578947,2026-05-29T00:00,0.6,342
Kalimantan & Laut Jawa,-3.105263,108.157895,2026-05-29T00:00,0.2,0
Kalimantan & Laut Jawa,-3.105263,108.736842,2026-05-29T00:00,0.7,0
Kalimantan & Laut Jawa,-3.105263,109.315789,2026-05-29T00:00,1.0,338
Kalimantan & Laut Jawa,-3.105263,109.894737,2026-05-29T00:00,1.7,302
Kalimantan & Laut Jawa,-3.105263,110.473684,2026-05-29T00:00,1.1,288
Kalimantan & Laut Jawa,-3.105263,111.052632,2026-05-29T00:00,1.3,270
Kalimantan & Laut Jawa,-3.105263,111.631579,2026-05-29T00:00,0.6,288
Kalimantan & Laut Jawa,-3.105263,112.210526,2026-05-29T00:00,0.5,225
Kalimantan & Laut Jawa,-3.105263,112.789474,2026-05-29T00:00,0.9,233
Kalimantan & Laut Jawa,-3.105263,113.368421,2026-05-29T00:00,0.4,270
Kalimantan & Laut Jawa,-3.105263,116.263158,2026-05-29T00:00,0.5,90
Kalimantan & Laut Jawa,-3.105263,116.842105,2026-05-29T00:00,0.5,45
Kalimantan & Laut Jawa,-3.105263,117.421053,2026-05-29T00:00,0.5,45
Kalimantan & Laut Jawa,-3.105263,118.0,2026-05-29T00:00,0.3,45
Kalimantan & Laut Jawa,-3.736842,107.0,2026-05-29T00:00,0.8,45
Kalimantan & Laut Jawa,-3.736842,107.578947,2026-05-29T00:00,0.4,27
Kalimantan & Laut Jawa,-3.736842,108.157895,2026-05-29T00:00,0.4,0
Kalimantan & Laut Jawa,-3.736842,108.736842,2026-05-29T00:00,0.5,0
Kalimantan & Laut Jawa,-3.736842,109.315789,2026-05-29T00:00,0.9,323
Kalimantan & Laut Jawa,-3.736842,109.894737,2026-05-29T00:00,0.9,307
Kalimantan & Laut Jawa,-3.736842,110.473684,2026-05-29T00:00,1.0,292
Kalimantan & Laut Jawa,-3.736842,111.052632,2026-05-29T00:00,0.7,284
Kalimantan & Laut Jawa,-3.736842,111.631579,2026-05-29T00:00,1.1,261
Kalimantan & Laut Jawa,-3.736842,112.210526,2026-05-29T00:00,1.4,247
Kalimantan & Laut Jawa,-3.736842,112.789474,2026-05-29T00:00,1.5,256
Kalimantan & Laut Jawa,-3.736842,113.368421,2026-05-29T00:00,1.3,254
Kalimantan & Laut Jawa,-3.736842,113.947368,2026-05-29T00:00,0.6,252
Kalimantan & Laut Jawa,-3.736842,114.526316,2026-05-29T00:00,0.4,270
Kalimantan & Laut Jawa,-3.736842,115.105263,2026-05-29T00:00,0.4,243
Kalimantan & Laut Jawa,-3.736842,115.684211,2026-05-29T00:00,0.3,225
Kalimantan & Laut Jawa,-3.736842,116.263158,2026-05-29T00:00,0.5,180
Kalimantan & Laut Jawa,-3.736842,116.842105,2026-05-29T00:00,0.3,45
Kalimantan & Laut Jawa,-3.736842,117.421053,2026-05-29T00:00,1.3,106
Kalimantan & Laut Jawa,-3.736842,118.0,2026-05-29T00:00,0.4,0
Kalimantan & Laut Jawa,-4.368421,107.0,2026-05-29T00:00,0.8,45
Kalimantan & Laut Jawa,-4.368421,107.578947,2026-05-29T00:00,0.5,45
Kalimantan & Laut Jawa,-4.368421,108.157895,2026-05-29T00:00,0.4,27
Kalimantan & Laut Jawa,-4.368421,108.736842,2026-05-29T00:00,0.4,27
Kalimantan & Laut Jawa,-4.368421,109.315789,2026-05-29T00:00,0.5,270
Kalimantan & Laut Jawa,-4.368421,109.894737,2026-05-29T00:00,0.8,297
Kalimantan & Laut Jawa,-4.368421,110.473684,2026-05-29T00:00,0.6,342
Kalimantan & Laut Jawa,-4.368421,111.052632,2026-05-29T00:00,0.6,252
Kalimantan & Laut Jawa,-4.368421,111.631579,2026-05-29T00:00,0.9,259
Kalimantan & Laut Jawa,-4.368421,112.210526,2026-05-29T00:00,1.1,270
Kalimantan & Laut Jawa,-4.368421,112.789474,2026-05-29T00:00,0.8,243
Kalimantan & Laut Jawa,-4.368421,113.368421,2026-05-29T00:00,0.9,270
Kalimantan & Laut Jawa,-4.368421,113.947368,2026-05-29T00:00,1.8,264
Kalimantan & Laut Jawa,-4.368421,114.526316,2026-05-29T00:00,1.1,279
Kalimantan & Laut Jawa,-4.368421,115.105263,2026-05-29T00:00,0.9,259
Kalimantan & Laut Jawa,-4.368421,115.684211,2026-05-29T00:00,0.7,270
Kalimantan & Laut Jawa,-4.368421,116.263158,2026-05-29T00:00,0.6,288
Kalimantan & Laut Jawa,-4.368421,116.842105,2026-05-29T00:00,0.7,346
Kalimantan & Laut Jawa,-4.368421,117.421053,2026-05-29T00:00,0.8,333
Kalimantan & Laut Jawa,-4.368421,118.0,2026-05-29T00:00,0.4,270
Kalimantan & Laut Jawa,-5.0,107.0,2026-05-29T00:00,0.6,56
Kalimantan & Laut Jawa,-5.0,107.578947,2026-05-29T00:00,0.4,27
Kalimantan & Laut Jawa,-5.0,108.157895,2026-05-29T00:00,0.4,27
Kalimantan & Laut Jawa,-5.0,108.736842,2026-05-29T00:00,0.4,63
Kalimantan & Laut Jawa,-5.0,109.315789,2026-05-29T00:00,0.5,225
Kalimantan & Laut Jawa,-5.0,109.894737,2026-05-29T00:00,0.7,284
Kalimantan & Laut Jawa,-5.0,110.473684,2026-05-29T00:00,0.7,284
Kalimantan & Laut Jawa,-5.0,111.052632,2026-05-29T00:00,0.9,259
Kalimantan & Laut Jawa,-5.0,111.631579,2026-05-29T00:00,0.7,270
Kalimantan & Laut Jawa,-5.0,112.210526,2026-05-29T00:00,0.5,270
Kalimantan & Laut Jawa,-5.0,112.789474,2026-05-29T00:00,1.1,270
Kalimantan & Laut Jawa,-5.0,113.368421,2026-05-29T00:00,0.9,270
Kalimantan & Laut Jawa,-5.0,113.947368,2026-05-29T00:00,0.9,270
Kalimantan & Laut Jawa,-5.0,114.526316,2026-05-29T00:00,0.9,270
Kalimantan & Laut Jawa,-5.0,115.105263,2026-05-29T00:00,1.3,286
Kalimantan & Laut Jawa,-5.0,115.684211,2026-05-29T00:00,0.7,284
Kalimantan & Laut Jawa,-5.0,116.263158,2026-05-29T00:00,0.9,307
Kalimantan & Laut Jawa,-5.0,116.842105,2026-05-29T00:00,0.8,297
Kalimantan & Laut Jawa,-5.0,117.421053,2026-05-29T00:00,0.7,284
Kalimantan & Laut Jawa,-5.0,118.0,2026-05-29T00:00,1.5,284
Sulawesi & Laut Banda,5.0,118.526316,2026-05-29T00:00,1.3,82
Sulawesi & Laut Banda,5.0,119.052632,2026-05-29T00:00,0.7,76
Sulawesi & Laut Banda,5.0,119.578947,2026-05-29T00:00,0.4,117
Sulawesi & Laut Banda,5.0,120.105263,2026-05-29T00:00,0.2,0
Sulawesi & Laut Banda,5.0,120.631579,2026-05-29T00:00,0.5,45
Sulawesi & Laut Banda,5.0,121.157895,2026-05-29T00:00,1.6,153
Sulawesi & Laut Banda,5.0,121.684211,2026-05-29T00:00,1.9,229
Sulawesi & Laut Banda,5.0,122.210526,2026-05-29T00:00,1.6,243
Sulawesi & Laut Banda,5.0,122.736842,2026-05-29T00:00,0.9,233
Sulawesi & Laut Banda,5.0,123.263158,2026-05-29T00:00,0.6,56
Sulawesi & Laut Banda,5.0,123.789474,2026-05-29T00:00,1.7,148
Sulawesi & Laut Banda,5.0,124.315789,2026-05-29T00:00,2.5,159
Sulawesi & Laut Banda,5.0,124.842105,2026-05-29T00:00,2.3,151
Sulawesi & Laut Banda,5.0,125.368421,2026-05-29T00:00,2.7,228
Sulawesi & Laut Banda,5.0,125.894737,2026-05-29T00:00,3.4,183
Sulawesi & Laut Banda,5.0,126.421053,2026-05-29T00:00,2.2,185
Sulawesi & Laut Banda,5.0,126.947368,2026-05-29T00:00,0.9,169
Sulawesi & Laut Banda,5.0,127.473684,2026-05-29T00:00,0.9,37
Sulawesi & Laut Banda,5.0,128.0,2026-05-29T00:00,1.5,30
Sulawesi & Laut Banda,4.315789,118.0,2026-05-29T00:00,0.4,117
Sulawesi & Laut Banda,4.315789,118.526316,2026-05-29T00:00,0.5,90
Sulawesi & Laut Banda,4.315789,119.052632,2026-05-29T00:00,0.5,135
Sulawesi & Laut Banda,4.315789,119.578947,2026-05-29T00:00,0.9,191
Sulawesi & Laut Banda,4.315789,120.105263,2026-05-29T00:00,1.1,261
Sulawesi & Laut Banda,4.315789,120.631579,2026-05-29T00:00,1.6,264
Sulawesi & Laut Banda,4.315789,121.684211,2026-05-29T00:00,1.5,249
Sulawesi & Laut Banda,4.315789,122.210526,2026-05-29T00:00,1.2,333
Sulawesi & Laut Banda,4.315789,122.736842,2026-05-29T00:00,0.9,323
Sulawesi & Laut Banda,4.315789,123.263158,2026-05-29T00:00,2.2,265
Sulawesi & Laut Banda,4.315789,123.789474,2026-05-29T00:00,3.4,254
Sulawesi & Laut Banda,4.315789,124.315789,2026-05-29T00:00,2.4,234
Sulawesi & Laut Banda,4.315789,124.842105,2026-05-29T00:00,2.4,207
Sulawesi & Laut Banda,4.315789,125.368421,2026-05-29T00:00,0.5,90
Sulawesi & Laut Banda,4.315789,125.894737,2026-05-29T00:00,4.4,168
Sulawesi & Laut Banda,4.315789,126.421053,2026-05-29T00:00,1.8,180
Sulawesi & Laut Banda,4.315789,126.947368,2026-05-29T00:00,0.6,162
Sulawesi & Laut Banda,4.315789,127.473684,2026-05-29T00:00,1.7,13
Sulawesi & Laut Banda,4.315789,128.0,2026-05-29T00:00,2.3,18
Sulawesi & Laut Banda,3.631579,118.0,2026-05-29T00:00,0.7,104
Sulawesi & Laut Banda,3.631579,118.526316,2026-05-29T00:00,0.0,90
Sulawesi & Laut Banda,3.631579,119.052632,2026-05-29T00:00,0.9,217
Sulawesi & Laut Banda,3.631579,119.578947,2026-05-29T00:00,1.2,219
Sulawesi & Laut Banda,3.631579,120.105263,2026-05-29T00:00,2.0,225
Sulawesi & Laut Banda,3.631579,120.631579,2026-05-29T00:00,2.8,259
Sulawesi & Laut Banda,3.631579,121.157895,2026-05-29T00:00,2.2,275
Sulawesi & Laut Banda,3.631579,121.684211,2026-05-29T00:00,1.0,301
Sulawesi & Laut Banda,3.631579,122.210526,2026-05-29T00:00,0.6,326
Sulawesi & Laut Banda,3.631579,122.736842,2026-05-29T00:00,0.2,90
Sulawesi & Laut Banda,3.631579,123.263158,2026-05-29T00:00,1.2,207
Sulawesi & Laut Banda,3.631579,123.789474,2026-05-29T00:00,0.9,191
Sulawesi & Laut Banda,3.631579,124.315789,2026-05-29T00:00,0.6,236
Sulawesi & Laut Banda,3.631579,124.842105,2026-05-29T00:00,0.4,270
Sulawesi & Laut Banda,3.631579,125.368421,2026-05-29T00:00,0.5,180
Sulawesi & Laut Banda,3.631579,125.894737,2026-05-29T00:00,3.6,153
Sulawesi & Laut Banda,3.631579,126.421053,2026-05-29T00:00,2.5,159
Sulawesi & Laut Banda,3.631579,126.947368,2026-05-29T00:00,0.9,180
Sulawesi & Laut Banda,3.631579,127.473684,2026-05-29T00:00,1.7,18
Sulawesi & Laut Banda,3.631579,128.0,2026-05-29T00:00,3.9,34
Sulawesi & Laut Banda,2.947368,118.0,2026-05-29T00:00,0.6,72
Sulawesi & Laut Banda,2.947368,118.526316,2026-05-29T00:00,0.6,198
Sulawesi & Laut Banda,2.947368,119.052632,2026-05-29T00:00,0.7,180
Sulawesi & Laut Banda,2.947368,119.578947,2026-05-29T00:00,1.1,189
Sulawesi & Laut Banda,2.947368,120.631579,2026-05-29T00:00,1.5,104
Sulawesi & Laut Banda,2.947368,121.157895,2026-05-29T00:00,1.4,40
Sulawesi & Laut Banda,2.947368,121.684211,2026-05-29T00:00,0.5,315
Sulawesi & Laut Banda,2.947368,122.210526,2026-05-29T00:00,0.2,0
Sulawesi & Laut Banda,2.947368,122.736842,2026-05-29T00:00,0.9,127
Sulawesi & Laut Banda,2.947368,123.263158,2026-05-29T00:00,1.0,149
Sulawesi & Laut Banda,2.947368,123.789474,2026-05-29T00:00,0.8,153
Sulawesi & Laut Banda,2.947368,124.315789,2026-05-29T00:00,0.8,135
Sulawesi & Laut Banda,2.947368,124.842105,2026-05-29T00:00,0.5,135
Sulawesi & Laut Banda,2.947368,125.368421,2026-05-29T00:00,1.1,90
Sulawesi & Laut Banda,2.947368,125.894737,2026-05-29T00:00,2.3,113
Sulawesi & Laut Banda,2.947368,126.421053,2026-05-29T00:00,3.2,133
Sulawesi & Laut Banda,2.947368,126.947368,2026-05-29T00:00,2.5,86
Sulawesi & Laut Banda,2.947368,127.473684,2026-05-29T00:00,2.9,47
Sulawesi & Laut Banda,2.947368,128.0,2026-05-29T00:00,4.2,40
Sulawesi & Laut Banda,2.263158,118.0,2026-05-29T00:00,0.6,72
Sulawesi & Laut Banda,2.263158,118.526316,2026-05-29T00:00,1.1,162
Sulawesi & Laut Banda,2.263158,119.052632,2026-05-29T00:00,1.1,162
Sulawesi & Laut Banda,2.263158,119.578947,2026-05-29T00:00,0.6,162
Sulawesi & Laut Banda,2.263158,120.105263,2026-05-29T00:00,1.4,157
Sulawesi & Laut Banda,2.263158,120.631579,2026-05-29T00:00,1.2,117
Sulawesi & Laut Banda,2.263158,121.157895,2026-05-29T00:00,0.7,90
Sulawesi & Laut Banda,2.263158,121.684211,2026-05-29T00:00,1.5,83
Sulawesi & Laut Banda,2.263158,122.210526,2026-05-29T00:00,1.6,84
Sulawesi & Laut Banda,2.263158,122.736842,2026-05-29T00:00,1.5,97
Sulawesi & Laut Banda,2.263158,123.263158,2026-05-29T00:00,1.5,144
Sulawesi & Laut Banda,2.263158,123.789474,2026-05-29T00:00,0.5,180
Sulawesi & Laut Banda,2.263158,124.315789,2026-05-29T00:00,0.4,117
Sulawesi & Laut Banda,2.263158,124.842105,2026-05-29T00:00,1.1,90
Sulawesi & Laut Banda,2.263158,125.368421,2026-05-29T00:00,1.8,79
Sulawesi & Laut Banda,2.263158,125.894737,2026-05-29T00:00,1.5,76
Sulawesi & Laut Banda,2.263158,126.421053,2026-05-29T00:00,1.8,84
Sulawesi & Laut Banda,2.263158,126.947368,2026-05-29T00:00,1.5,54
Sulawesi & Laut Banda,2.263158,127.473684,2026-05-29T00:00,1.9,56
Sulawesi & Laut Banda,2.263158,128.0,2026-05-29T00:00,0.9,53
Sulawesi & Laut Banda,1.578947,118.0,2026-05-29T00:00,0.4,90
Sulawesi & Laut Banda,1.578947,118.526316,2026-05-29T00:00,0.7,90
Sulawesi & Laut Banda,1.578947,119.052632,2026-05-29T00:00,1.9,131
Sulawesi & Laut Banda,1.578947,119.578947,2026-05-29T00:00,0.9,143
Sulawesi & Laut Banda,1.578947,120.105263,2026-05-29T00:00,1.1,108
Sulawesi & Laut Banda,1.578947,120.631579,2026-05-29T00:00,1.5,83
Sulawesi & Laut Banda,1.578947,121.157895,2026-05-29T00:00,1.5,76
Sulawesi & Laut Banda,1.578947,121.684211,2026-05-29T00:00,0.6,18
Sulawesi & Laut Banda,1.578947,122.210526,2026-05-29T00:00,0.6,342
Sulawesi & Laut Banda,1.578947,122.736842,2026-05-29T00:00,0.0,90
Sulawesi & Laut Banda,1.578947,123.263158,2026-05-29T00:00,1.4,157
Sulawesi & Laut Banda,1.578947,123.789474,2026-05-29T00:00,0.4,63
Sulawesi & Laut Banda,1.578947,124.315789,2026-05-29T00:00,0.5,45
Sulawesi & Laut Banda,1.578947,124.842105,2026-05-29T00:00,0.0,90
Sulawesi & Laut Banda,1.578947,125.368421,2026-05-29T00:00,0.3,135
Sulawesi & Laut Banda,1.578947,125.894737,2026-05-29T00:00,2.3,51
Sulawesi & Laut Banda,1.578947,126.421053,2026-05-29T00:00,2.2,48
Sulawesi & Laut Banda,1.578947,127.473684,2026-05-29T00:00,0.4,153
Sulawesi & Laut Banda,1.578947,128.0,2026-05-29T00:00,0.9,53
Sulawesi & Laut Banda,0.894737,118.0,2026-05-29T00:00,0.7,14
Sulawesi & Laut Banda,0.894737,118.526316,2026-05-29T00:00,1.6,84
Sulawesi & Laut Banda,0.894737,119.052632,2026-05-29T00:00,1.4,67
Sulawesi & Laut Banda,0.894737,119.578947,2026-05-29T00:00,1.8,66
Sulawesi & Laut Banda,0.894737,120.105263,2026-05-29T00:00,1.5,54
Sulawesi & Laut Banda,0.894737,120.631579,2026-05-29T00:00,0.4,333
Sulawesi & Laut Banda,0.894737,122.736842,2026-05-29T00:00,0.3,315
Sulawesi & Laut Banda,0.894737,123.263158,2026-05-29T00:00,0.5,315
Sulawesi & Laut Banda,0.894737,123.789474,2026-05-29T00:00,0.2,270
Sulawesi & Laut Banda,0.894737,124.315789,2026-05-29T00:00,0.3,225
Sulawesi & Laut Banda,0.894737,124.842105,2026-05-29T00:00,1.7,41
Sulawesi & Laut Banda,0.894737,125.368421,2026-05-29T00:00,2.5,45
Sulawesi & Laut Banda,0.894737,125.894737,2026-05-29T00:00,1.5,30
Sulawesi & Laut Banda,0.894737,126.421053,2026-05-29T00:00,0.9,11
Sulawesi & Laut Banda,0.894737,126.947368,2026-05-29T00:00,0.9,270
Sulawesi & Laut Banda,0.894737,127.473684,2026-05-29T00:00,0.0,90
Sulawesi & Laut Banda,0.894737,128.0,2026-05-29T00:00,0.2,0
Sulawesi & Laut Banda,0.210526,118.0,2026-05-29T00:00,2.4,13
Sulawesi & Laut Banda,0.210526,118.526316,2026-05-29T00:00,0.6,72
Sulawesi & Laut Banda,0.210526,119.052632,2026-05-29T00:00,0.4,153
Sulawesi & Laut Banda,0.210526,119.578947,2026-05-29T00:00,0.4,180
Sulawesi & Laut Banda,0.210526,120.105263,2026-05-29T00:00,0.3,45
Sulawesi & Laut Banda,0.210526,120.631579,2026-05-29T00:00,0.6,72
Sulawesi & Laut Banda,0.210526,121.157895,2026-05-29T00:00,0.5,90
Sulawesi & Laut Banda,0.210526,121.684211,2026-05-29T00:00,0.7,90
Sulawesi & Laut Banda,0.210526,122.210526,2026-05-29T00:00,0.7,104
Sulawesi & Laut Banda,0.210526,122.736842,2026-05-29T00:00,0.5,90
Sulawesi & Laut Banda,0.210526,123.263158,2026-05-29T00:00,0.6,304
Sulawesi & Laut Banda,0.210526,124.315789,2026-05-29T00:00,1.3,45
Sulawesi & Laut Banda,0.210526,124.842105,2026-05-29T00:00,2.0,45
Sulawesi & Laut Banda,0.210526,125.368421,2026-05-29T00:00,1.0,22
Sulawesi & Laut Banda,0.210526,125.894737,2026-05-29T00:00,0.7,346
Sulawesi & Laut Banda,0.210526,126.421053,2026-05-29T00:00,0.6,326
Sulawesi & Laut Banda,0.210526,126.947368,2026-05-29T00:00,0.7,0
Sulawesi & Laut Banda,0.210526,127.473684,2026-05-29T00:00,0.4,270
Sulawesi & Laut Banda,0.210526,128.0,2026-05-29T00:00,0.4,0
Sulawesi & Laut Banda,-0.473684,118.0,2026-05-29T00:00,2.1,15
Sulawesi & Laut Banda,-0.473684,118.526316,2026-05-29T00:00,1.0,292
Sulawesi & Laut Banda,-0.473684,119.052632,2026-05-29T00:00,1.0,211
Sulawesi & Laut Banda,-0.473684,119.578947,2026-05-29T00:00,0.8,27
Sulawesi & Laut Banda,-0.473684,120.105263,2026-05-29T00:00,0.2,270
Sulawesi & Laut Banda,-0.473684,120.631579,2026-05-29T00:00,0.2,270
Sulawesi & Laut Banda,-0.473684,121.684211,2026-05-29T00:00,0.3,45
Sulawesi & Laut Banda,-0.473684,122.210526,2026-05-29T00:00,0.2,90
Sulawesi & Laut Banda,-0.473684,122.736842,2026-05-29T00:00,1.3,45
Sulawesi & Laut Banda,-0.473684,123.263158,2026-05-29T00:00,0.7,104
Sulawesi & Laut Banda,-0.473684,123.789474,2026-05-29T00:00,1.4,23
Sulawesi & Laut Banda,-0.473684,124.315789,2026-05-29T00:00,2.6,25
Sulawesi & Laut Banda,-0.473684,124.842105,2026-05-29T00:00,0.4,333
Sulawesi & Laut Banda,-0.473684,125.368421,2026-05-29T00:00,0.8,315
Sulawesi & Laut Banda,-0.473684,125.894737,2026-05-29T00:00,1.1,342
Sulawesi & Laut Banda,-0.473684,126.421053,2026-05-29T00:00,1.2,333
Sulawesi & Laut Banda,-0.473684,126.947368,2026-05-29T00:00,0.7,346
Sulawesi & Laut Banda,-0.473684,127.473684,2026-05-29T00:00,0.3,135
Sulawesi & Laut Banda,-0.473684,128.0,2026-05-29T00:00,0.4,270
Sulawesi & Laut Banda,-1.157895,118.0,2026-05-29T00:00,0.8,63
Sulawesi & Laut Banda,-1.157895,118.526316,2026-05-29T00:00,0.9,349
Sulawesi & Laut Banda,-1.157895,119.052632,2026-05-29T00:00,0.4,27
Sulawesi & Laut Banda,-1.157895,119.578947,2026-05-29T00:00,0.3,45
Sulawesi & Laut Banda,-1.157895,120.631579,2026-05-29T00:00,0.3,135
Sulawesi & Laut Banda,-1.157895,121.157895,2026-05-29T00:00,0.0,90
Sulawesi & Laut Banda,-1.157895,123.263158,2026-05-29T00:00,0.5,0
Sulawesi & Laut Banda,-1.157895,123.789474,2026-05-29T00:00,0.9,11
Sulawesi & Laut Banda,-1.157895,124.315789,2026-05-29T00:00,2.0,355
Sulawesi & Laut Banda,-1.157895,125.368421,2026-05-29T00:00,0.6,326
Sulawesi & Laut Banda,-1.157895,125.894737,2026-05-29T00:00,0.6,326
Sulawesi & Laut Banda,-1.157895,126.421053,2026-05-29T00:00,1.3,315
Sulawesi & Laut Banda,-1.157895,126.947368,2026-05-29T00:00,1.0,329
Sulawesi & Laut Banda,-1.157895,127.473684,2026-05-29T00:00,0.3,315
Sulawesi & Laut Banda,-1.157895,128.0,2026-05-29T00:00,0.2,0
Sulawesi & Laut Banda,-1.842105,118.526316,2026-05-29T00:00,1.0,68
Sulawesi & Laut Banda,-1.842105,119.578947,2026-05-29T00:00,0.2,180
Sulawesi & Laut Banda,-1.842105,122.210526,2026-05-29T00:00,0.5,315
Sulawesi & Laut Banda,-1.842105,122.736842,2026-05-29T00:00,1.0,338
